,efficiency,avg_bedtime,avg_actual_sleeptime,quality,weekday_midnight,weekend_midnight,disorder,motivation,ontime_bed,outside_noise,inside_noise,light,temperature,mattress,health
0,0.6059701492537314,11.964285714285714,7.25,4,1,1,0,3,4,2,1,1,3,1,3
1,0.8888888888888888,9.0,8.0,4,1,1,0,4,3,3,2,2,3,2,2
2,0.9572649572649572,8.357142857142858,8.0,4,1,1,0,5,5,1,1,1,2,1,2
3,0.8928571428571429,8.0,7.142857142857143,2,1,0,0,4,3,1,1,2,2,1,2
4,1.0,7.5,7.5,4,1,1,0,3,3,1,1,1,1,1,1
5,0.8080808080808082,7.071428571428571,5.714285714285714,5,1,0,0,5,4,1,1,1,1,1,1
6,0.7272727272727273,11.0,8.0,3,1,1,0,4,3,1,1,1,2,4,3
7,0.7860696517412935,7.178571428571429,5.642857142857143,3,1,1,0,4,4,1,1,1,2,1,1
8,0.9218106995884774,8.678571428571429,8.0,4,1,1,1,4,4,1,1,1,1,1,2
9,0.8888888888888888,9.0,8.0,3,1,1,0,3,3,2,3,3,3,2,2
10,0.8421052631578947,9.5,8.0,4,1,1,0,4,4,1,1,1,2,1,1
11,0.7435897435897436,8.357142857142858,6.214285714285714,2,1,1,0,4,3,1,1,1,3,1,3
12,0.9565217391304347,7.392857142857143,7.071428571428571,4,1,1,0,4,4,2,3,1,2,2,2
13,0.73224043715847,6.535714285714286,4.785714285714286,3,1,0,1,4,4,1,1,1,1,1,4
14,0.7386759581881532,10.25,7.571428571428571,3,1,1,0,4,4,2,4,4,2,1,2
15,0.8461538461538461,7.428571428571429,6.285714285714286,3,1,1,0,3,4,1,1,1,1,3,2
16,0.896,8.928571428571429,8.0,4,1,1,0,4,4,1,2,2,2,1,2
17,1.0,5.714285714285714,5.857142857142857,3,0,0,0,2,2,1,2,1,2,1,3
18,1.0,4.571428571428571,4.571428571428571,3,0,0,0,3,3,5,3,2,4,3,4
19,0.8644067796610169,8.428571428571429,7.285714285714286,4,1,1,0,4,4,1,3,2,4,2,3
20,0.939655172413793,8.285714285714286,7.785714285714286,3,0,0,0,3,3,2,2,3,3,2,3
21,0.7859649122807018,10.178571428571429,8.0,3,1,1,0,4,4,1,1,1,3,1,2
22,0.3918918918918919,15.857142857142858,6.214285714285714,4,1,0,0,4,4,2,3,2,2,1,1
23,0.937984496124031,9.214285714285714,8.642857142857142,5,1,1,0,4,3,2,2,2,2,1,1
24,0.9790794979079498,8.535714285714286,8.357142857142858,5,1,1,0,5,5,1,1,2,2,1,1
25,0.7717842323651453,8.607142857142858,6.642857142857143,4,1,1,0,4,3,1,1,1,2,1,1
26,0.7027027027027027,9.25,6.5,3,1,1,0,2,2,1,1,1,1,1,1
27,0.875,8.0,7.0,4,1,1,0,4,4,2,1,3,3,1,3
28,0.7692307692307693,13.0,10.0,2,0,0,1,2,2,1,3,1,3,1,3
29,1.0,8.0,8.0,4,1,1,0,2,2,2,2,2,2,2,1
30,1.0,9.357142857142858,9.857142857142858,4,1,1,0,2,3,1,3,2,3,1,2
31,0.98989898989899,7.071428571428571,7.0,5,0,0,0,5,5,2,2,1,1,1,1
32,0.8691588785046729,7.642857142857143,6.642857142857143,4,1,1,0,4,3,2,2,1,2,4,2
33,0.9142857142857143,8.75,8.0,5,1,1,0,5,5,1,1,1,2,1,2
34,0.937984496124031,9.214285714285714,8.642857142857142,4,1,1,0,4,5,1,3,2,1,1,1
35,0.96875,8.0,7.75,4,1,0,0,4,4,2,2,2,2,1,1
36,0.8099173553719009,8.642857142857142,7.0,4,1,1,0,4,4,2,2,2,2,2,2
37,0.9411764705882353,8.5,8.0,1,1,1,0,3,2,2,2,2,3,2,3
38,0.835820895522388,7.178571428571429,6.0,3,1,0,0,2,3,1,3,3,4,2,2
39,0.8571428571428571,7.0,6.0,3,1,1,0,3,4,3,4,2,3,1,2
40,0.8823529411764706,8.5,7.5,4,1,1,0,4,4,1,3,1,1,1,3
41,0.8782608695652175,8.214285714285714,7.214285714285714,4,1,1,0,3,5,2,1,1,2,3,1
42,1.0,7.0,7.0,4,1,1,0,3,4,2,2,1,2,1,2
43,0.9032258064516129,8.857142857142858,8.0,3,1,1,0,3,3,1,2,2,2,2,2
45,0.9081632653061223,7.0,6.357142857142857,4,1,1,0,2,1,1,1,1,1,1,1
46,0.9108910891089108,7.214285714285714,6.571428571428571,3,0,0,0,2,2,2,2,2,2,1,3
47,0.8888888888888888,9.0,8.0,4,1,1,0,3,3,3,2,2,3,2,2
48,1.0,8.107142857142858,8.107142857142858,4,1,1,0,3,3,1,2,1,1,2,2
49,0.7899159663865546,8.5,6.714285714285714,5,1,1,0,4,5,2,2,2,2,2,2
50,0.9333333333333333,7.5,7.0,3,1,1,0,1,2,1,1,1,1,5,1
51,0.9298245614035088,8.142857142857142,7.571428571428571,4,1,1,0,5,5,3,1,1,1,1,2
52,0.6363636363636364,11.0,7.0,2,1,1,0,4,4,3,2,1,3,1,2
53,1.0,7.642857142857143,7.714285714285714,4,1,0,0,3,4,1,1,1,2,1,2
54,0.8571428571428571,7.0,6.0,4,1,0,0,4,3,2,2,2,2,2,2
55,0.9054726368159204,7.178571428571429,6.5,5,1,0,0,3,3,2,2,2,2,2,3
56,0.9147982062780269,7.964285714285714,7.285714285714286,2,1,0,0,3,4,1,1,2,2,4,1
57,1.0,7.5,8.0,5,0,0,0,5,5,1,1,1,3,1,1
58,0.689655172413793,12.428571428571429,8.571428571428571,3,1,1,0,4,4,3,3,2,3,4,2
59,0.9411764705882353,8.5,8.0,5,1,1,0,4,4,2,2,1,1,1,2
60,0.875,8.0,7.0,3,0,0,0,3,2,2,1,2,3,1,3
61,1.0,5.5,5.571428571428571,3,0,0,0,3,2,3,1,1,3,3,3
62,0.8793103448275861,8.285714285714286,7.285714285714286,2,1,1,0,5,5,3,2,2,3,1,2
63,0.8888888888888888,7.392857142857143,6.571428571428571,4,0,0,0,2,3,2,2,2,3,3,1
64,0.8130081300813008,8.785714285714286,7.142857142857143,4,1,1,0,3,3,1,1,1,3,1,1
65,0.8205128205128204,8.357142857142858,6.857142857142857,4,1,1,0,3,2,1,2,1,3,3,1
66,0.9289099526066351,7.535714285714286,7.0,4,1,1,0,2,1,2,1,1,3,1,2
67,0.8888888888888888,9.0,8.0,4,1,1,0,4,4,3,3,3,3,3,2
68,0.6986301369863014,10.428571428571429,7.285714285714286,3,1,1,0,4,4,3,3,3,3,3,3
69,0.8888888888888888,9.0,8.0,3,1,1,0,4,4,1,5,2,2,1,1
70,0.98,7.142857142857143,7.0,3,1,1,0,3,3,3,2,3,2,3,3
71,0.8615384615384615,9.285714285714286,8.0,4,1,1,0,3,4,3,4,3,3,3,2
72,0.9107142857142857,8.0,7.285714285714286,5,1,1,0,4,5,3,2,1,2,4,2
73,0.9444444444444444,9.0,8.5,5,1,1,0,4,4,1,2,1,3,1,3
74,0.9615384615384616,6.5,6.25,4,0,0,0,3,3,2,3,3,3,2,3
75,1.0,8.25,9.178571428571429,4,1,1,0,3,3,3,3,2,2,2,2
76,1.0,6.5,7.0,3,1,1,0,3,3,1,3,3,4,2,4
77,0.9596774193548386,8.857142857142858,8.5,5,1,1,0,4,4,2,1,1,2,1,2
78,0.8087431693989071,6.535714285714286,5.285714285714286,3,1,1,1,3,3,1,1,1,2,2,3
79,0.9150943396226415,7.571428571428571,6.928571428571429,3,1,1,0,3,4,1,1,1,2,2,2
80,0.8529411764705883,7.285714285714286,6.214285714285714,2,1,1,1,3,4,2,1,1,3,1,3
81,0.7628865979381443,6.928571428571429,5.285714285714286,2,0,0,0,2,2,1,2,1,3,1,2
82,0.9158878504672897,7.642857142857143,7.0,4,1,1,0,2,4,1,1,1,2,1,1
83,0.8,12.5,10.0,4,1,1,0,4,3,3,1,1,4,1,3
84,0.8362068965517241,8.285714285714286,6.928571428571429,3,1,1,0,2,2,2,2,2,2,3,2
85,0.7479674796747967,8.785714285714286,6.571428571428571,3,1,1,0,5,5,2,3,1,3,1,1
86,0.875,8.0,7.0,4,0,0,0,4,3,1,1,1,1,1,3
87,0.5,6.0,3.0,1,1,1,1,5,4,1,1,1,4,3,2
88,0.7142857142857143,7.0,5.0,1,0,0,1,4,1,4,3,1,1,3,5
89,0.9450549450549451,6.5,6.142857142857143,4,0,0,0,4,4,1,1,1,3,1,2
90,0.6942148760330579,8.642857142857142,6.0,3,1,1,0,3,4,2,1,1,2,1,1
91,0.7695652173913043,8.214285714285714,6.321428571428571,3,1,1,0,3,2,3,4,3,2,3,2
92,1.0,7.357142857142857,7.5,4,1,1,0,5,5,1,1,2,3,1,1
93,1.0,7.392857142857143,7.75,4,1,1,0,3,3,3,4,3,2,2,2
94,1.0,7.285714285714286,7.571428571428571,3,0,0,0,2,2,1,3,1,2,1,2
95,0.9339207048458149,8.107142857142858,7.571428571428571,5,1,1,0,5,4,1,2,2,2,2,1
96,0.875,8.0,7.0,4,1,1,0,4,4,2,3,3,3,3,3
97,1.0,7.357142857142857,7.392857142857143,3,1,0,1,3,3,1,2,1,2,3,3
98,1.0,8.0,8.0,3,0,0,0,3,2,2,1,1,1,1,2
99,0.86,7.142857142857143,6.142857142857143,3,1,1,0,2,3,1,4,1,3,3,3
101,0.9008264462809917,8.642857142857142,7.785714285714286,4,1,0,0,3,4,2,2,2,2,1,1
102,0.8784313725490196,9.107142857142858,8.0,5,1,1,0,4,3,1,1,1,2,2,1
103,0.9651162790697674,6.142857142857143,5.928571428571429,3,0,0,1,4,2,1,1,2,2,1,3
104,0.7058823529411765,8.5,6.0,4,1,1,1,3,4,2,1,1,4,3,4
105,1.0,8.285714285714286,8.285714285714286,3,1,0,0,4,3,1,1,2,2,1,2
106,0.88212927756654,9.392857142857142,8.285714285714286,4,1,1,0,4,5,1,1,1,3,2,1
107,1.0,4.5,4.5,2,1,1,0,4,3,1,3,1,3,2,3
108,0.8270042194092828,8.464285714285714,7.0,3,1,1,0,4,3,2,4,2,2,2,1
109,0.8421052631578947,9.5,8.0,4,1,1,0,4,4,2,1,1,3,2,3
110,0.8888888888888888,9.0,8.0,4,1,1,0,4,4,2,2,2,2,3,4
111,0.8571428571428571,7.0,6.0,3,1,1,0,4,4,3,1,1,1,2,2
112,0.8666666666666667,7.5,6.5,3,1,1,1,4,3,1,1,1,1,1,2
113,0.8571428571428571,7.0,6.0,5,1,1,0,2,3,2,2,2,2,1,1
114,0.7192982456140351,8.142857142857142,5.857142857142857,3,1,1,1,4,4,4,3,1,1,1,3
115,0.9372384937238493,8.535714285714286,8.0,4,1,0,0,3,4,2,3,2,2,2,2
116,0.7567567567567567,7.928571428571429,6.0,4,1,1,0,4,4,1,1,1,1,1,2
117,0.44954128440366975,15.571428571428571,7.0,4,1,0,0,3,2,2,2,1,2,3,2
118,0.9903846153846153,7.428571428571429,7.357142857142857,4,1,1,0,4,4,1,2,2,4,3,2
119,1.0,8.785714285714286,8.785714285714286,4,1,1,0,4,4,3,4,4,3,2,2
120,0.611111111111111,10.285714285714286,6.285714285714286,3,0,0,0,3,2,2,3,3,3,4,3
121,0.8411214953271028,7.642857142857143,6.428571428571429,4,1,0,0,4,4,2,3,3,4,3,1
122,0.9502262443438914,7.892857142857143,7.5,3,1,1,0,4,4,2,1,1,3,2,3
123,0.9824561403508772,8.142857142857142,8.0,3,1,1,0,3,3,2,2,2,3,3,3
125,0.9282296650717704,7.464285714285714,6.928571428571429,4,1,1,0,4,4,1,2,1,4,1,1
126,0.7853881278538813,7.821428571428571,6.142857142857143,3,1,1,0,3,3,1,1,1,1,1,2
127,0.8252427184466019,7.357142857142857,6.071428571428571,3,1,1,1,3,4,2,2,3,3,3,4
128,0.963302752293578,7.785714285714286,7.5,5,1,1,0,4,4,1,1,1,1,1,1
129,0.6238532110091742,7.785714285714286,4.857142857142857,2,1,1,0,4,4,1,1,1,1,2,1
130,0.8888888888888887,10.285714285714286,9.142857142857142,5,1,0,0,3,4,2,3,1,2,1,2
131,0.8333333333333333,10.285714285714286,8.571428571428571,5,1,1,0,5,5,1,1,1,1,2,1
132,0.624203821656051,11.214285714285714,7.0,4,1,1,0,4,4,1,1,5,3,4,2
133,0.8461538461538461,6.5,5.5,3,1,1,1,2,3,1,4,1,1,1,1
134,0.8923076923076924,9.285714285714286,8.285714285714286,2,1,1,0,5,5,1,3,1,3,1,3
135,1.0,5.5,5.5,3,1,1,1,3,2,2,2,1,2,1,3
136,0.875,8.0,7.0,4,1,1,0,3,2,3,1,1,4,2,2
137,0.7777777777777778,4.5,3.5,1,1,1,1,3,3,2,1,1,3,3,5
138,0.9607843137254902,7.285714285714286,7.0,3,1,1,0,4,4,2,2,2,3,2,2
139,0.7835820895522388,9.571428571428571,7.5,4,1,1,0,4,3,2,2,2,3,2,2
140,0.7222222222222222,9.0,6.5,3,1,1,0,2,2,3,3,3,4,2,3
141,0.8720379146919431,7.535714285714286,6.571428571428571,4,1,1,0,4,4,1,1,1,1,1,1
142,0.8932038834951457,7.357142857142857,6.571428571428571,4,0,0,0,3,3,3,3,1,2,3,2
143,0.9679999999999999,8.928571428571429,8.642857142857142,3,1,1,0,3,4,3,3,2,2,3,3
144,0.8615384615384615,9.285714285714286,8.0,5,1,1,0,5,5,1,1,1,1,1,2
145,1.0,8.0,8.0,3,0,0,0,2,2,2,2,3,4,3,2
146,0.7333333333333334,8.571428571428571,6.285714285714286,2,1,1,0,3,4,2,2,2,3,3,3
147,0.7142857142857143,7.0,5.0,4,1,1,0,2,3,1,1,2,2,1,2
148,1.0,7.464285714285714,7.571428571428571,4,1,1,0,3,4,2,1,3,3,4,3
149,1.0,6.571428571428571,7.785714285714286,4,1,1,0,5,5,3,3,4,4,3,3
150,0.8991596638655462,8.5,7.642857142857143,3,1,0,0,4,4,2,3,3,3,2,3
151,0.8,9.464285714285714,7.571428571428571,4,0,0,0,3,2,2,3,2,2,1,2
152,0.8647058823529412,6.071428571428571,5.25,4,1,1,0,3,2,1,1,2,3,3,2
153,0.7586206896551724,8.285714285714286,6.285714285714286,3,1,1,0,3,4,3,3,3,3,1,3
154,0.9392712550607288,8.821428571428571,8.285714285714286,5,1,0,0,4,3,2,2,1,3,1,1
155,0.7551020408163265,7.0,5.285714285714286,2,0,0,0,4,2,2,2,2,2,2,2
156,1.0,8.0,8.0,5,1,1,1,2,1,1,1,1,2,2,2
157,1.0,7.928571428571429,9.071428571428571,3,1,1,0,3,3,2,2,2,3,4,2
158,0.8,7.5,6.0,2,1,1,0,2,3,2,2,2,2,2,2
159,0.9824561403508772,8.142857142857142,8.0,4,1,1,0,4,3,3,2,3,3,2,2
160,0.8923076923076924,9.285714285714286,8.285714285714286,4,1,1,0,4,4,2,2,2,2,2,2
162,1.0,7.964285714285714,8.0,5,1,1,0,4,4,1,1,1,1,3,1
163,0.8823529411764706,8.5,7.5,4,1,1,0,4,3,2,3,1,2,1,2
164,1.0,6.357142857142857,6.785714285714286,3,1,0,0,1,2,1,2,1,2,2,2
165,1.0,8.0,8.0,3,1,1,0,3,3,3,3,3,3,3,3
166,0.8823529411764706,8.5,7.5,4,1,1,0,4,4,2,2,2,2,2,2
167,0.825,5.714285714285714,4.714285714285714,2,0,0,1,2,2,1,1,1,1,1,3
168,0.9568965517241379,8.285714285714286,7.928571428571429,4,1,1,0,4,4,3,3,4,3,2,3
169,0.8427419354838709,8.857142857142858,7.464285714285714,2,1,1,1,4,3,1,1,1,1,1,2
170,0.875,8.0,7.0,4,0,0,0,3,3,2,2,2,2,2,2
171,0.9204545454545454,6.285714285714286,5.785714285714286,4,1,0,0,3,3,1,2,2,3,1,2
172,0.8793103448275861,8.285714285714286,7.285714285714286,3,1,1,0,3,3,4,4,3,2,2,3
173,0.8648648648648648,10.571428571428571,9.142857142857142,3,1,1,0,3,3,2,1,2,4,4,4
174,0.6829268292682926,8.785714285714286,6.0,3,0,0,1,3,4,2,2,2,2,2,4
175,0.9785407725321889,8.321428571428571,8.142857142857142,3,1,1,0,4,4,1,4,1,1,1,1
176,0.7581227436823105,9.892857142857142,7.5,4,1,1,0,3,3,1,1,2,2,1,2
177,0.8,7.5,6.0,4,1,1,0,4,3,2,2,2,2,2,2
178,0.8843537414965987,10.5,9.285714285714286,4,1,1,1,3,3,2,2,2,3,2,3
179,0.9090909090909091,5.5,5.0,4,1,1,0,4,2,1,2,1,1,1,1
180,0.7101449275362318,9.857142857142858,7.0,3,1,1,1,2,3,1,1,1,2,1,3
181,0.9785407725321889,8.321428571428571,8.142857142857142,3,1,1,0,4,5,2,3,3,4,3,3
182,0.7967479674796747,8.785714285714286,7.0,4,1,1,0,4,4,2,2,2,2,2,2
183,0.8648648648648649,9.25,8.0,1,1,1,0,5,5,1,1,1,1,1,2
184,0.8125,8.0,6.5,3,1,1,0,4,4,1,1,1,2,2,3
185,1.0,7.285714285714286,7.714285714285714,5,1,0,0,5,5,1,1,1,1,1,1
186,0.8333333333333334,6.0,5.0,1,1,1,0,5,5,5,5,5,5,5,5
187,1.0,5.0,5.0,3,0,0,0,2,2,2,3,1,2,2,3
188,0.9444444444444444,7.714285714285714,7.285714285714286,3,1,1,0,3,3,2,2,2,2,2,1
189,0.7058823529411765,8.5,6.0,2,1,1,0,3,3,3,2,2,3,3,3
190,0.8679245283018868,7.571428571428571,6.571428571428571,3,1,1,0,3,3,1,1,1,1,1,1
191,1.0,7.0,8.285714285714286,4,1,1,0,3,2,2,2,2,2,2,3
192,0.75,8.0,6.0,3,1,1,0,3,3,2,2,2,2,2,4
193,0.8715596330275229,7.785714285714286,6.785714285714286,4,1,1,0,3,4,1,3,5,3,2,2
194,0.875,8.0,7.0,4,1,1,0,3,3,2,2,2,2,3,2
195,0.8571428571428571,7.0,6.0,4,1,1,1,3,2,2,2,2,3,2,3
196,0.9117647058823529,8.5,7.75,4,1,1,1,4,7,1,1,1,2,2,2
197,0.8952380952380953,7.5,6.714285714285714,4,1,1,0,3,4,1,1,1,1,1,2
198,0.8108108108108109,5.285714285714286,4.285714285714286,3,0,0,0,3,2,3,1,1,2,1,4
200,1.0,7.0,7.0,4,1,1,0,3,4,2,2,2,2,2,1
201,0.8571428571428571,7.0,6.0,4,1,1,0,3,2,2,2,2,2,3,2
202,0.9345794392523364,7.642857142857143,7.142857142857143,5,1,1,0,3,4,1,1,1,2,1,1
203,0.5147058823529412,9.714285714285714,5.0,5,1,1,0,4,4,1,1,2,1,1,2
204,0.7822222222222222,8.035714285714286,6.285714285714286,3,1,1,0,4,4,1,1,1,3,3,2
205,0.9743589743589743,6.964285714285714,6.785714285714286,4,0,0,0,4,4,2,1,1,2,1,2
206,0.8571428571428571,8.5,7.285714285714286,4,1,1,0,3,3,1,4,1,2,1,1
207,0.968421052631579,6.785714285714286,6.571428571428571,4,1,0,0,3,3,1,3,1,3,1,1
208,0.717948717948718,13.928571428571429,10.0,4,1,1,0,3,3,1,2,2,1,2,2
209,0.8888888888888888,6.75,6.0,4,0,0,0,4,2,1,1,1,3,1,2
210,0.9773755656108597,7.892857142857143,7.714285714285714,5,1,1,0,2,2,1,1,1,1,1,1
211,0.8888888888888888,9.0,8.0,5,1,1,0,4,4,1,1,1,3,1,2
212,0.6571428571428571,7.5,4.928571428571429,1,1,0,1,4,4,2,1,1,1,3,3
213,0.8598130841121494,7.642857142857143,6.571428571428571,1,1,1,0,4,3,3,3,3,5,3,4
214,0.9333333333333333,7.5,7.0,3,1,1,1,2,2,1,1,1,2,2,2
215,0.8270042194092828,8.464285714285714,7.0,4,1,1,1,3,3,1,1,1,1,1,2
216,0.8235294117647058,8.5,7.0,3,1,1,0,4,4,1,1,1,1,2,2
217,0.8793103448275861,8.285714285714286,7.285714285714286,4,0,0,0,3,2,2,2,2,2,2,2
218,0.9107142857142857,8.0,7.285714285714286,3,1,1,0,3,4,1,1,1,1,1,1
219,0.8672566371681416,8.071428571428571,7.0,3,1,1,0,4,3,1,1,1,1,1,2
220,0.5761316872427983,8.678571428571429,5.0,2,0,0,0,4,2,2,2,2,2,2,1
221,0.9698275862068966,8.285714285714286,8.035714285714286,5,1,1,0,5,5,2,1,1,2,1,1
222,1.0,8.0,10.0,5,0,0,1,3,2,1,1,2,5,4,4
223,0.9651741293532339,7.178571428571429,6.928571428571429,3,1,0,0,4,5,3,3,5,5,3,2
224,0.8036529680365296,7.821428571428571,6.285714285714286,3,0,0,0,2,3,2,2,2,3,3,2
225,0.9130434782608696,6.571428571428571,6.0,4,1,1,0,4,4,1,1,1,3,1,2
226,0.6614173228346457,4.535714285714286,3.0,1,0,0,0,3,4,3,4,2,3,3,4
227,0.9166666666666666,6.0,5.5,4,1,0,0,3,3,2,1,1,2,2,1
228,0.6666666666666666,9.0,6.0,3,0,0,1,4,2,2,3,2,3,3,5
229,0.746031746031746,9.0,6.714285714285714,3,1,1,0,3,2,2,1,1,2,2,4
230,1.0,7.785714285714286,9.571428571428571,5,1,1,0,5,4,2,4,1,2,1,2
231,0.9333333333333333,7.5,7.0,5,1,1,0,5,5,2,3,1,3,2,1
232,0.7426160337552743,8.464285714285714,6.285714285714286,3,1,0,0,3,3,2,3,1,4,2,1
233,0.7538461538461538,9.285714285714286,7.0,2,1,1,0,3,3,2,2,2,3,2,4
234,1.0,7.5,8.0,4,1,1,0,2,1,3,1,1,3,1,1
235,0.9666666666666667,7.5,7.25,5,1,1,0,2,1,1,1,1,2,1,1
236,0.8252032520325202,8.785714285714286,7.25,4,1,1,0,5,4,2,1,1,1,1,2
237,1.0,7.0,7.0,4,1,1,0,2,2,1,1,1,3,1,2
238,1.0,10.0,10.0,5,0,0,0,5,5,1,1,1,1,1,1
240,0.9453125,9.142857142857142,8.642857142857142,4,1,1,0,4,4,3,3,2,2,1,2
241,1.0,5.678571428571429,5.857142857142857,3,0,1,0,4,3,3,3,3,4,2,2
242,0.875,8.0,7.0,4,1,1,0,4,3,1,2,1,3,2,2
243,0.9183673469387755,7.0,6.428571428571429,3,0,0,0,2,2,1,2,1,1,1,3
244,0.9655172413793103,8.285714285714286,8.0,4,1,1,0,4,5,1,1,1,2,3,3
245,1.0,12.5,12.5,1,1,1,1,4,4,3,1,1,1,1,5
247,0.32919254658385094,11.5,3.7857142857142856,3,1,1,0,2,3,3,2,3,3,2,4
248,0.5333333333333333,7.5,4.0,1,1,1,1,4,3,2,2,2,3,4,2
249,0.9583333333333333,8.571428571428571,8.214285714285714,4,0,0,0,3,3,1,1,1,2,3,1
250,0.625,8.0,5.0,2,1,1,0,5,2,1,1,1,3,1,1
251,0.9549549549549549,7.928571428571429,7.571428571428571,3,1,1,0,3,3,1,3,2,2,3,2
252,1.0,7.107142857142857,7.5,3,0,1,1,2,2,1,1,1,2,3,2
253,0.9107142857142857,8.0,7.285714285714286,4,1,1,0,3,3,3,1,1,1,1,1
254,0.7953667953667953,9.25,7.357142857142857,3,0,0,0,2,1,1,4,1,3,3,1
255,0.8829787234042553,6.714285714285714,5.928571428571429,3,1,1,0,3,3,1,1,1,1,1,2
256,1.0,7.428571428571429,8.0,2,0,0,0,3,4,2,2,2,2,2,2
257,0.8878048780487805,7.321428571428571,6.5,3,1,1,1,3,3,1,1,3,3,2,2
258,0.9375,8.0,7.5,4,1,1,0,2,3,2,1,2,2,2,2
259,0.8823529411764706,7.892857142857143,6.964285714285714,2,1,1,0,3,3,1,1,3,3,5,1
260,0.8823529411764706,8.5,7.5,4,1,1,0,5,5,2,1,1,1,1,2
261,0.8,10.0,8.0,4,1,1,0,2,2,1,1,1,3,3,3
263,0.9696969696969697,8.25,8.0,4,1,1,0,5,4,1,1,1,1,3,2
264,0.9568965517241379,8.285714285714286,7.928571428571429,3,1,1,0,4,4,2,3,2,4,2,1
265,1.0,5.571428571428571,7.857142857142857,3,0,0,1,5,4,1,1,1,3,3,2
266,1.0,6.285714285714286,6.285714285714286,4,1,0,0,3,4,2,1,1,2,1,2
267,0.9833333333333334,8.571428571428571,8.428571428571429,5,1,1,0,4,4,2,3,2,2,2,2
268,0.8947368421052632,9.5,8.5,4,1,0,0,4,4,2,2,2,2,2,1
269,0.8333333333333333,10.285714285714286,8.571428571428571,4,1,1,0,3,3,3,3,3,3,3,3
270,0.9189189189189189,7.928571428571429,7.285714285714286,4,1,1,0,4,5,1,2,2,3,1,2
272,0.8921568627450981,7.285714285714286,6.5,4,1,1,0,3,3,2,2,2,3,2,3
273,0.6666666666666666,6.857142857142857,4.571428571428571,3,1,1,0,4,3,1,4,2,3,2,3
274,0.6542056074766355,7.642857142857143,5.0,2,1,1,1,4,4,1,1,1,3,5,5
275,0.8789237668161435,7.964285714285714,7.0,4,1,1,0,4,5,2,2,1,3,3,2
276,0.8275862068965517,7.25,6.0,3,0,0,1,4,4,1,1,5,4,3,2
277,0.9435897435897436,6.964285714285714,6.571428571428571,3,1,0,0,3,4,1,3,2,3,1,2
278,0.9626556016597511,8.607142857142858,8.285714285714286,4,1,1,0,4,4,1,2,2,3,1,2
279,0.7777777777777778,7.714285714285714,6.0,4,1,0,0,3,2,1,1,2,3,2,2
280,0.7441860465116279,10.75,8.0,3,1,1,0,3,3,1,3,3,3,1,3
281,0.9375,8.0,7.5,4,1,1,0,4,4,1,1,1,1,1,1
282,0.729064039408867,7.25,5.285714285714286,4,1,0,0,3,2,3,1,1,2,3,1
283,0.9230769230769231,9.75,9.0,4,1,1,0,4,4,1,2,1,1,1,2
284,0.6805555555555556,7.714285714285714,5.25,4,0,0,0,3,3,1,1,1,1,1,3
285,0.838709677419355,11.071428571428571,9.285714285714286,1,0,0,0,1,1,1,1,1,1,1,1
286,0.75,8.0,6.0,3,1,1,1,2,5,1,1,1,1,1,4
287,1.0,7.0,7.0,3,0,0,1,3,3,1,1,1,2,1,2
288,0.9333333333333333,7.5,7.0,4,1,1,0,4,5,1,1,1,1,1,2
289,0.8974358974358974,8.357142857142858,7.5,3,1,1,1,4,4,1,2,2,3,2,2
290,0.823076923076923,9.285714285714286,7.642857142857143,4,1,1,0,2,2,1,2,1,1,1,1
291,0.9361702127659575,6.714285714285714,6.285714285714286,4,1,0,0,3,3,1,1,1,1,1,2
292,0.908675799086758,7.821428571428571,7.107142857142857,3,1,1,0,2,3,1,2,1,4,1,1
293,0.888888888888889,7.071428571428571,6.285714285714286,2,1,1,0,3,4,2,3,2,2,2,2
294,0.7538461538461538,9.285714285714286,7.0,2,1,1,1,4,4,2,1,1,1,1,5
295,0.7741935483870968,7.75,6.0,3,1,1,0,4,5,2,1,1,1,1,1
296,0.8448275862068965,8.285714285714286,7.0,3,0,0,0,3,3,2,2,2,3,2,2
297,0.7777777777777778,7.714285714285714,6.0,3,1,1,1,3,3,2,1,3,3,3,3
298,1.0,8.214285714285714,8.714285714285714,4,1,1,0,5,4,3,1,1,2,2,1
299,0.9789473684210527,6.785714285714286,6.642857142857143,4,0,0,0,4,3,3,3,3,3,3,2
300,1.0,7.642857142857143,8.785714285714286,4,1,1,0,3,5,1,1,1,3,2,2
301,0.875,8.0,7.0,4,0,0,0,2,1,1,1,1,2,1,2
302,1.0,7.75,8.0,3,1,1,0,4,4,3,2,2,2,2,2
303,0.9333333333333333,7.5,7.0,4,1,1,0,3,4,4,3,1,1,1,2
304,1.0,6.571428571428571,6.571428571428571,3,0,0,0,3,3,1,1,1,1,1,1
305,0.7857142857142857,10.0,7.857142857142857,4,1,1,0,4,5,1,1,1,3,3,1
306,0.8527131782945737,9.214285714285714,7.857142857142857,4,1,1,0,4,4,4,4,3,5,5,1
307,0.8100775193798451,9.214285714285714,7.464285714285714,5,1,1,0,5,5,2,2,1,2,2,2
308,0.6399999999999999,7.142857142857143,4.571428571428571,2,1,0,0,3,3,3,2,3,3,3,2
309,1.0,8.0,8.857142857142858,4,1,1,0,4,3,1,2,2,2,2,3
310,0.7999999999999999,9.107142857142858,7.285714285714286,3,1,1,0,2,4,2,1,2,1,1,2
311,0.8285714285714286,10.0,8.285714285714286,4,0,0,0,5,4,3,2,1,2,1,2
312,0.7897196261682242,7.642857142857143,6.035714285714286,3,1,1,0,5,5,1,1,2,2,4,1
313,0.9572649572649572,8.357142857142858,8.0,5,1,1,0,5,3,2,4,2,1,2,1
314,0.8844221105527639,7.107142857142857,6.285714285714286,2,1,1,0,4,4,3,5,2,2,2,3
315,0.8131868131868132,6.5,5.285714285714286,2,1,0,0,3,3,2,3,2,2,3,2
316,1.0,7.357142857142857,7.357142857142857,4,1,1,0,3,2,1,2,1,2,2,2
317,0.9137931034482758,8.285714285714286,7.571428571428571,4,1,1,0,3,7,1,1,1,1,1,1
318,1.0,7.214285714285714,7.285714285714286,4,1,1,0,5,5,1,1,1,1,1,1
319,0.9333333333333333,7.5,7.0,5,1,1,0,1,4,2,1,2,2,1,1
320,0.6790697674418604,7.678571428571429,5.214285714285714,2,1,1,0,3,3,3,3,2,3,1,4
321,1.0,8.0,8.0,5,1,1,0,4,4,1,1,1,1,1,1
322,1.0,7.0,7.0,3,1,1,0,3,3,3,1,1,3,1,2
323,0.9099099099099099,7.928571428571429,7.214285714285714,3,0,0,0,2,3,2,2,2,3,1,1
324,0.7368421052631579,9.5,7.0,3,1,1,1,3,2,2,2,2,3,2,4
325,0.775,8.571428571428571,6.642857142857143,3,1,1,1,3,4,3,3,2,3,4,3
326,0.8440366972477064,7.785714285714286,6.571428571428571,4,1,1,0,4,4,1,1,1,1,1,2
327,0.8043478260869565,6.571428571428571,5.285714285714286,2,1,1,0,3,4,1,1,1,1,1,1
328,0.8571428571428571,8.5,7.285714285714286,4,1,1,0,4,4,1,1,1,1,1,1
329,0.8235294117647058,8.5,7.0,3,1,1,0,3,4,2,1,1,3,3,2
330,1.0,9.714285714285714,9.714285714285714,2,0,0,0,4,2,1,5,1,4,5,5
331,0.8761904761904762,7.5,6.571428571428571,3,1,1,1,3,3,1,1,1,3,4,1
332,0.9433962264150945,7.571428571428571,7.142857142857143,4,0,0,0,3,3,2,3,2,3,5,2
333,0.75,8.0,6.0,3,1,1,0,3,3,2,2,2,2,1,4
334,1.0,8.857142857142858,8.857142857142858,4,1,1,0,4,4,1,1,1,1,1,3
335,0.7857142857142857,8.0,6.285714285714286,3,1,0,0,3,3,3,3,3,3,3,4
336,0.9816513761467891,7.785714285714286,7.642857142857143,4,1,1,0,3,4,2,1,1,1,1,1
337,0.9809885931558935,9.392857142857142,9.214285714285714,5,1,1,0,3,3,3,4,2,2,2,1
338,0.8699551569506727,7.964285714285714,6.928571428571429,5,1,1,0,5,5,1,1,1,4,2,1
339,0.9213483146067416,6.357142857142857,5.857142857142857,4,0,1,0,2,3,2,1,1,2,1,1
340,0.8380952380952381,7.5,6.285714285714286,3,1,0,0,4,4,2,2,3,4,4,3
341,0.9201877934272301,7.607142857142857,7.0,4,0,0,0,2,2,3,1,2,1,1,1
342,0.7622950819672132,8.714285714285714,6.642857142857143,3,1,0,0,4,3,2,3,2,1,1,3
343,0.7878787878787878,8.25,6.5,3,0,0,0,2,2,3,2,3,3,3,2
345,0.823529411764706,9.714285714285714,8.0,3,1,1,0,3,3,2,4,3,3,2,2
346,0.8596491228070176,8.142857142857142,7.0,4,1,1,0,4,4,2,3,2,3,3,1
347,0.8296296296296297,9.642857142857142,8.0,4,1,1,1,5,4,2,3,3,2,2,3
348,0.7619047619047619,10.5,8.0,3,0,0,0,3,4,2,2,3,3,4,4
349,1.0,7.214285714285714,7.964285714285714,3,1,0,0,4,5,2,2,3,3,1,1
350,0.6688524590163935,10.892857142857142,7.285714285714286,5,1,1,0,4,4,2,3,3,3,1,2
351,0.7022900763358778,9.357142857142858,6.571428571428571,3,1,1,0,3,4,1,1,1,2,1,3
352,0.7941176470588235,7.285714285714286,5.785714285714286,3,0,0,0,2,3,2,1,2,3,2,1
353,0.8789237668161435,7.964285714285714,7.0,4,1,1,0,4,4,3,1,1,2,2,1
354,0.8795811518324608,6.821428571428571,6.0,3,0,0,0,3,2,1,2,1,2,1,2
355,0.7846153846153845,9.285714285714286,7.285714285714286,4,0,1,0,4,4,1,3,1,3,1,2
356,0.8140350877192983,10.178571428571429,8.285714285714286,3,1,1,0,3,4,3,3,3,3,3,3
357,1.0,6.928571428571429,6.928571428571429,3,0,0,0,3,3,3,1,2,4,2,2
358,0.9375,8.0,7.5,3,1,1,0,4,4,4,2,2,3,2,2
359,0.9514563106796117,7.357142857142857,7.0,3,1,0,0,3,3,1,1,1,1,1,1
360,0.9035087719298246,8.142857142857142,7.357142857142857,5,1,1,0,3,4,2,2,1,2,1,1
361,0.7844827586206896,8.285714285714286,6.5,4,1,1,0,5,5,2,1,1,1,1,3
362,0.9315068493150686,7.821428571428571,7.285714285714286,4,1,0,0,4,4,3,2,3,4,1,2
363,0.9032258064516129,8.857142857142858,8.0,4,0,0,1,4,7,2,2,1,1,1,2
364,0.9473684210526315,9.5,9.0,3,0,0,0,4,2,2,2,2,2,5,3
365,0.9622641509433962,7.571428571428571,7.285714285714286,4,1,0,0,3,2,3,3,3,3,3,2
366,0.8823529411764706,7.892857142857143,6.964285714285714,3,1,0,0,3,3,2,2,3,1,2,2
367,0.9549549549549549,7.928571428571429,7.571428571428571,4,1,1,0,4,4,1,1,1,1,1,4
368,0.7857142857142857,7.0,5.5,3,0,0,0,3,2,2,3,2,3,1,2
369,0.9743589743589745,5.571428571428571,5.428571428571429,3,0,0,0,4,4,2,2,3,3,2,3
371,0.8,7.5,6.0,4,1,1,0,4,4,1,1,2,2,1,2
372,0.7368421052631579,9.5,7.0,3,0,0,0,4,4,2,3,3,3,3,4
373,0.7850467289719626,7.642857142857143,6.0,3,1,1,0,3,4,1,1,1,5,5,3
374,0.9724770642201834,7.785714285714286,7.571428571428571,3,1,1,1,4,5,2,3,3,3,2,3
375,0.7567567567567567,7.928571428571429,6.0,3,1,1,0,5,5,3,2,2,2,2,2
376,1.0,6.0,6.0,4,0,0,0,3,3,3,2,1,3,2,2
377,0.9568965517241379,8.285714285714286,7.928571428571429,2,1,0,0,5,5,1,1,1,2,2,4
378,0.8936170212765957,6.714285714285714,6.0,3,1,1,0,2,4,2,2,1,1,1,1
379,0.7304347826086958,8.214285714285714,6.0,2,1,1,0,4,3,1,3,1,2,1,3
380,0.8333333333333334,6.0,5.0,4,1,1,0,5,4,1,1,1,2,3,2
381,0.8376068376068375,8.357142857142858,7.0,4,1,1,0,4,3,1,1,1,1,1,1
382,0.7956989247311828,6.642857142857143,5.285714285714286,3,1,1,0,3,3,1,2,1,3,3,5
383,0.875,8.0,7.0,4,1,1,0,4,5,1,2,3,2,1,2
384,1.0,4.5,4.857142857142857,2,0,0,1,3,2,3,2,5,2,4,5
385,1.0,7.178571428571429,7.285714285714286,4,1,1,0,4,4,3,3,3,3,1,1
386,0.9819819819819819,7.928571428571429,7.785714285714286,3,1,1,0,4,5,2,2,2,2,2,3
387,0.7829457364341086,9.214285714285714,7.214285714285714,4,1,1,0,3,4,1,1,1,1,1,2
388,0.9428571428571428,8.75,8.25,4,1,1,0,4,4,2,2,1,2,1,3
389,0.951219512195122,5.857142857142857,5.571428571428571,3,0,0,0,3,3,1,1,1,1,2,3
390,0.909090909090909,11.785714285714286,10.714285714285714,4,1,1,0,4,4,3,2,3,3,1,3
391,0.9813084112149533,7.642857142857143,7.5,4,1,1,0,3,3,2,2,2,2,2,2
392,0.8691588785046729,7.642857142857143,6.642857142857143,3,1,1,0,4,4,2,2,2,3,1,2
393,0.9170305676855894,8.178571428571429,7.5,4,1,1,0,3,3,1,1,1,1,1,1
394,0.9345794392523364,7.642857142857143,7.142857142857143,5,1,1,0,5,5,1,1,1,2,1,3
395,0.875,8.0,7.0,4,1,1,0,3,4,1,1,1,3,2,2
396,0.8979591836734694,7.0,6.285714285714286,3,1,0,0,3,4,3,4,4,4,5,3
397,0.9256198347107438,8.642857142857142,8.0,3,1,1,0,4,3,1,1,1,3,2,5
398,1.0,7.0,7.0,2,0,1,0,5,3,4,4,4,4,4,2
399,0.6842105263157895,9.5,6.5,3,1,1,0,3,3,2,3,2,3,3,3
400,0.8715596330275229,7.785714285714286,6.785714285714286,4,0,1,0,4,4,1,1,1,3,1,1
401,0.7222222222222222,7.714285714285714,5.571428571428571,3,1,1,1,3,3,1,1,1,1,1,1
402,0.7142857142857143,7.0,5.0,2,1,1,0,3,5,3,4,2,4,3,3
403,0.8448275862068965,8.285714285714286,7.0,3,1,1,0,2,4,1,1,1,1,1,1
404,0.6586826347305389,11.928571428571429,7.857142857142857,4,1,1,0,4,4,2,2,2,2,2,2
405,0.9411764705882353,8.5,8.0,5,1,1,0,4,4,1,2,1,1,1,1
406,0.8721804511278196,9.5,8.285714285714286,4,1,1,0,4,4,1,1,1,1,1,1
407,0.8888888888888888,9.0,8.0,4,0,0,1,4,2,1,1,1,3,3,2
408,0.9212962962962963,7.714285714285714,7.107142857142857,4,1,0,0,3,3,1,2,1,2,2,2
409,0.9210526315789475,8.142857142857142,7.5,4,1,1,0,4,3,1,3,1,3,2,2
410,0.4912280701754386,8.142857142857142,4.0,4,1,1,0,4,3,1,1,1,2,1,2
411,0.8983050847457626,8.428571428571429,7.571428571428571,3,1,1,0,5,5,1,1,1,1,1,1
412,1.0,12.642857142857142,12.75,4,1,1,0,4,5,1,1,1,1,1,3
413,0.9306930693069307,7.214285714285714,6.714285714285714,4,1,1,0,3,3,1,1,2,2,2,1
414,0.75,8.0,6.0,1,1,1,0,3,3,2,2,2,2,2,3
415,0.1360759493670886,11.285714285714286,1.5357142857142858,5,0,1,0,1,1,1,1,1,1,1,1
416,0.7647058823529411,7.285714285714286,5.571428571428571,4,1,1,0,3,3,2,2,2,2,3,2
417,0.8,7.5,6.0,2,1,1,0,3,3,2,2,2,3,3,4
418,0.9,10.0,9.0,4,1,1,0,3,3,3,2,3,3,2,3
419,0.625,8.0,5.0,3,1,1,0,5,5,1,2,1,2,1,3
420,0.8421052631578947,9.5,8.0,4,1,1,0,4,4,3,3,1,3,1,2
421,0.9268292682926828,8.785714285714286,8.142857142857142,4,1,1,0,3,4,2,1,1,2,1,2
422,0.8181818181818182,7.071428571428571,5.785714285714286,4,1,1,0,2,2,2,1,1,3,1,1
423,0.847926267281106,7.75,6.571428571428571,4,1,1,0,3,3,1,1,1,2,2,3
424,0.8571428571428571,6.5,5.571428571428571,4,1,0,0,2,2,1,1,1,1,3,4
425,0.9238095238095239,7.5,6.928571428571429,4,1,1,0,4,4,2,3,2,1,1,2
426,0.8990825688073395,7.785714285714286,7.0,4,1,1,1,3,3,1,2,2,2,2,2
427,0.9722222222222222,7.714285714285714,7.5,3,0,0,0,3,2,2,2,3,3,2,2
428,0.9032258064516129,7.75,7.0,5,1,0,0,5,4,2,1,1,2,1,2
429,0.8421052631578947,9.5,8.0,4,1,1,0,4,2,1,1,1,1,3,5
430,0.7777777777777778,9.0,7.0,1,1,1,1,5,5,3,1,3,3,1,3
431,0.9553571428571429,8.0,7.642857142857143,4,1,1,0,4,4,1,2,1,2,1,2
432,0.7058823529411765,8.5,6.0,2,1,1,0,3,3,3,2,2,2,3,2
433,1.0,8.0,8.0,4,1,1,0,4,4,2,2,2,2,2,2
434,0.875,8.0,7.0,5,1,1,0,4,3,2,1,1,2,1,2
436,0.8990825688073395,7.785714285714286,7.0,3,1,1,0,3,4,1,1,1,3,2,4
437,0.7924528301886793,7.571428571428571,6.0,3,0,0,0,2,2,4,4,4,3,4,2
438,0.8839779005524862,6.464285714285714,5.714285714285714,3,1,0,0,2,3,1,1,3,5,5,1
439,0.8799999999999999,7.142857142857143,6.285714285714286,3,0,0,0,4,3,1,2,1,2,1,1
440,0.6956521739130435,9.035714285714286,6.285714285714286,3,1,1,0,4,4,3,1,1,4,2,2
441,0.853211009174312,7.785714285714286,6.642857142857143,4,1,1,0,4,4,1,1,1,3,2,2
442,0.7368421052631579,9.5,7.0,4,1,1,0,3,2,1,1,1,1,1,2
443,0.8233082706766917,9.5,7.821428571428571,3,1,1,0,4,4,4,4,2,2,2,3
444,0.8627450980392157,7.285714285714286,6.285714285714286,3,1,1,0,3,4,3,3,3,3,3,2
445,0.8888888888888888,9.0,8.0,4,1,1,0,4,4,1,1,1,1,1,2
446,1.0,6.285714285714286,6.285714285714286,4,1,1,0,3,4,2,2,1,4,1,1
447,1.0,8.428571428571429,8.428571428571429,5,1,1,0,4,5,2,4,2,2,1,2
448,1.0,7.285714285714286,7.285714285714286,4,1,1,0,4,4,3,3,3,2,2,2
449,0.8482142857142857,8.0,6.785714285714286,4,1,1,0,4,4,2,2,3,3,2,2
450,0.5909090909090909,5.5,3.25,2,1,1,0,1,2,3,3,2,3,2,3
451,0.8333333333333334,12.0,10.0,4,1,1,0,4,5,1,2,2,2,1,3
452,0.9354838709677419,7.75,7.25,5,1,1,0,4,4,1,1,1,1,1,1
453,0.8484848484848485,8.25,7.0,4,0,0,0,4,4,1,3,1,1,1,3
454,0.9740259740259741,8.25,8.035714285714286,4,0,0,0,1,1,2,2,2,1,1,1
455,0.8740740740740741,9.642857142857142,8.428571428571429,4,1,1,0,4,3,1,1,1,1,1,3
456,1.0,8.357142857142858,9.142857142857142,4,1,1,0,5,5,1,1,1,1,1,1
457,0.8,10.0,8.0,4,0,0,0,5,3,1,1,1,1,1,2
458,1.0,7.285714285714286,7.285714285714286,4,0,0,0,3,3,2,2,1,1,1,1
459,0.954337899543379,7.821428571428571,7.464285714285714,4,1,1,0,3,2,2,2,1,2,1,1
460,0.9702970297029703,7.214285714285714,7.0,3,1,1,0,3,4,1,3,1,4,1,3
461,1.0,7.785714285714286,8.0,4,1,1,1,5,5,2,2,2,2,1,2
462,0.8484848484848485,8.25,7.0,2,1,1,0,5,2,1,1,5,1,1,2
463,0.7058823529411765,8.5,6.0,3,1,1,0,3,3,1,1,1,1,1,2
464,0.8554913294797687,6.178571428571429,5.285714285714286,2,0,0,0,2,2,1,1,1,3,3,2
465,0.8125,8.0,6.5,3,1,1,0,4,4,3,1,1,3,1,3
466,0.7426160337552743,8.464285714285714,6.285714285714286,3,0,0,0,3,2,2,2,2,1,1,2
467,0.9032258064516129,7.75,7.0,3,1,1,0,3,3,1,1,1,1,1,2
468,0.8214285714285714,8.0,6.571428571428571,2,1,0,0,2,3,2,3,1,3,4,2
469,0.9333333333333333,7.5,7.0,5,0,0,0,2,2,1,1,1,2,1,1
470,0.9508196721311477,8.714285714285714,8.285714285714286,4,1,1,0,5,5,2,2,4,3,5,1
471,0.8333333333333334,6.0,5.0,4,1,1,1,3,5,1,4,2,4,1,4
472,0.9199999999999999,7.142857142857143,6.571428571428571,4,1,1,0,3,3,2,2,2,3,3,3
473,0.7924528301886793,7.571428571428571,6.0,3,1,1,1,3,2,1,1,1,1,1,4
474,0.8986784140969162,8.107142857142858,7.285714285714286,4,1,1,0,3,4,2,4,2,2,2,3
475,0.963963963963964,7.928571428571429,7.642857142857143,5,1,0,0,4,5,1,1,1,1,1,1
476,0.7521367521367521,8.357142857142858,6.285714285714286,3,1,1,0,4,4,2,3,2,3,4,3
477,1.0,8.142857142857142,8.214285714285714,4,0,0,0,4,4,1,2,1,3,1,2
478,0.8762376237623762,7.214285714285714,6.321428571428571,4,1,1,0,3,4,2,3,2,2,2,2
479,0.925,10.0,9.25,5,1,1,0,3,4,1,1,1,1,1,1
481,0.7209302325581395,6.142857142857143,4.428571428571429,1,0,0,0,3,4,1,1,1,3,4,4
482,1.0,8.285714285714286,11.0,5,1,1,0,3,3,1,1,1,1,1,1
483,0.9411764705882353,7.285714285714286,6.857142857142857,5,1,1,0,4,5,3,2,2,2,2,1
484,0.7777777777777778,7.392857142857143,5.75,4,1,1,0,3,4,1,1,1,3,2,1
485,0.875,8.0,7.0,3,1,1,0,4,4,2,2,2,3,2,2
486,0.9015544041450777,6.892857142857143,6.214285714285714,3,1,0,0,3,3,2,1,1,3,3,1
487,0.9051724137931033,8.285714285714286,7.5,4,1,1,0,4,4,1,1,1,3,1,2
488,0.7948717948717948,8.357142857142858,6.642857142857143,3,1,0,0,4,4,3,2,1,2,2,2
489,0.9363636363636364,7.857142857142857,7.357142857142857,5,1,1,0,5,4,1,1,1,2,2,2
490,1.0,8.285714285714286,8.285714285714286,5,1,1,0,4,4,1,1,1,1,2,1
491,1.0,10.0,10.0,2,1,1,0,3,5,2,2,2,2,3,5
492,0.7954545454545455,6.285714285714286,5.0,3,1,1,0,3,3,3,3,3,3,3,3
493,0.5555555555555556,9.0,5.0,2,0,0,1,5,2,1,1,1,2,2,5
494,0.7857142857142857,7.0,5.5,3,0,0,0,3,3,1,2,1,2,2,2
495,0.9380530973451328,8.071428571428571,7.571428571428571,3,1,1,0,3,3,1,1,1,2,1,2
496,0.7666666666666666,4.285714285714286,3.2857142857142856,1,0,0,1,5,5,1,1,5,5,5,4
497,0.9411764705882353,8.5,8.0,4,0,0,0,3,3,1,1,3,2,3,2
498,1.0,5.678571428571429,6.642857142857143,3,1,1,0,3,2,3,1,1,1,1,5
499,1.0,1.0,3.0,1,0,0,1,5,4,1,1,1,1,1,5
500,0.7439613526570048,7.392857142857143,5.5,3,1,1,0,3,4,1,2,1,2,2,3
501,0.6984126984126984,9.0,6.285714285714286,3,1,1,1,4,4,5,5,4,5,4,4
502,1.0,8.142857142857142,8.142857142857142,4,1,0,0,5,5,2,2,2,2,2,2
503,0.9634146341463415,11.714285714285714,11.285714285714286,4,1,1,0,4,4,1,1,1,3,4,2
504,0.7692307692307693,13.0,10.0,4,1,1,0,1,1,1,2,2,3,1,3
505,1.0,7.571428571428571,7.571428571428571,4,0,0,0,3,3,2,2,1,3,1,2
506,0.8833333333333333,8.571428571428571,7.571428571428571,3,1,0,0,3,4,2,3,2,3,2,3
507,0.9756097560975611,7.321428571428571,7.142857142857143,5,0,0,0,4,2,2,1,1,2,1,2
508,0.6490384615384615,7.428571428571429,4.821428571428571,3,1,0,0,3,3,1,3,3,3,1,2
510,1.0,7.535714285714286,7.857142857142857,4,1,1,1,3,4,1,1,2,2,1,1
511,1.0,7.714285714285714,8.0,3,1,1,0,3,3,2,2,2,2,2,3
512,0.7446808510638298,6.714285714285714,5.0,3,1,0,1,3,3,2,2,1,4,3,3
513,0.7619047619047619,10.5,8.0,4,1,1,0,3,4,2,2,2,2,1,4
514,0.8395061728395061,8.678571428571429,7.285714285714286,5,1,0,0,3,4,1,1,1,3,1,1
515,1.0,7.5,8.0,5,1,1,0,3,4,1,1,1,3,3,3
516,1.0,9.75,9.928571428571429,3,1,1,1,3,2,3,3,3,3,3,2
517,1.0,7.285714285714286,7.642857142857143,5,1,1,0,3,4,1,3,1,2,1,1
518,0.9680365296803652,7.821428571428571,7.571428571428571,4,1,1,0,4,4,1,2,2,3,2,2
519,0.9329608938547486,6.392857142857143,5.964285714285714,3,1,1,0,4,3,1,2,1,3,3,1
520,0.9,10.0,9.0,4,1,1,1,4,4,1,1,1,2,1,3
521,0.9423076923076923,7.428571428571429,7.0,3,1,1,0,4,3,1,1,1,2,1,2
522,0.5674418604651162,7.678571428571429,4.357142857142857,2,1,0,0,2,4,4,4,3,2,2,4
523,0.9569377990430622,7.464285714285714,7.142857142857143,4,1,1,0,3,3,2,2,2,3,2,2
524,0.9142857142857143,8.75,8.0,5,1,1,0,5,4,1,1,1,1,1,1
525,0.9624413145539906,7.607142857142857,7.321428571428571,4,1,1,0,4,4,1,2,2,3,1,1
526,0.9444444444444444,9.0,8.5,4,1,1,0,5,4,2,3,2,3,3,2
527,0.8869565217391305,8.214285714285714,7.285714285714286,3,1,1,0,2,3,2,2,3,3,4,4
528,0.9375,8.0,7.5,3,1,0,0,3,2,2,2,3,4,2,3
529,0.8249027237354085,9.178571428571429,7.571428571428571,3,1,0,0,4,3,2,2,2,2,3,2
530,0.8688524590163935,8.714285714285714,7.571428571428571,3,0,1,0,3,3,2,2,2,2,2,1
531,0.8771929824561404,8.142857142857142,7.142857142857143,3,0,0,0,3,4,2,2,3,3,3,2
532,0.7850467289719626,7.642857142857143,6.0,4,1,1,0,3,3,2,2,2,2,2,2
533,1.0,7.714285714285714,8.285714285714286,4,1,0,0,3,3,1,2,2,2,2,1
534,0.9816513761467891,7.785714285714286,7.642857142857143,4,1,0,0,3,3,2,1,1,2,1,2
535,0.8755760368663594,7.75,6.785714285714286,4,1,1,0,4,4,2,1,1,2,1,2
536,0.9457364341085271,9.214285714285714,8.714285714285714,3,1,1,0,4,4,2,2,2,2,2,2
537,0.9333333333333333,9.642857142857142,9.0,4,0,0,0,4,4,1,2,2,3,2,1
538,0.9158878504672897,7.642857142857143,7.0,3,1,1,0,4,4,1,2,2,3,3,2
539,0.8868778280542986,7.892857142857143,7.0,3,1,1,0,3,4,2,2,2,3,2,3
540,0.83206106870229,9.357142857142858,7.785714285714286,4,1,1,0,3,3,2,2,2,3,2,3
541,0.9837837837837838,6.607142857142857,6.5,2,0,0,0,3,4,4,3,3,4,2,2
543,1.0,7.785714285714286,7.785714285714286,4,1,1,0,4,5,2,2,2,3,2,2
544,0.7050359712230215,9.928571428571429,7.0,3,1,1,0,3,3,2,2,3,3,3,3
545,0.9607843137254902,7.285714285714286,7.0,3,1,1,0,3,2,2,1,2,3,3,2
546,0.7058823529411765,8.5,6.0,4,1,1,0,3,4,2,1,1,3,3,2
547,1.0,8.428571428571429,8.571428571428571,4,0,0,0,3,3,1,1,1,3,3,1
548,0.8888888888888888,9.0,8.0,5,1,1,1,4,4,2,2,3,4,4,3
549,0.9032258064516129,6.642857142857143,6.0,3,1,1,0,3,4,2,2,1,1,1,1
550,0.9736842105263159,8.142857142857142,7.928571428571429,5,0,1,0,4,4,2,2,2,2,2,1
551,1.0,6.5,6.928571428571429,3,1,1,0,4,4,1,2,1,2,3,3
552,0.9771689497716896,7.821428571428571,7.642857142857143,4,1,1,1,4,4,2,2,2,2,2,2
553,0.624,8.928571428571429,5.571428571428571,3,1,1,0,3,4,1,1,1,1,1,2
554,0.950207468879668,8.607142857142858,8.178571428571429,5,1,1,0,5,5,2,2,2,2,1,1
555,1.0,7.0,7.0,4,1,1,0,3,3,1,1,1,1,1,1
556,0.8333333333333333,9.428571428571429,7.857142857142857,3,1,0,0,4,3,3,1,2,2,1,3
557,0.8584070796460178,8.071428571428571,6.928571428571429,4,0,0,0,4,3,3,1,2,2,2,2
558,0.798941798941799,13.5,10.785714285714286,4,1,1,0,1,1,3,3,3,3,3,3
559,0.9504950495049505,7.214285714285714,6.857142857142857,5,1,1,0,3,3,2,2,2,3,2,2
560,0.7927927927927928,7.928571428571429,6.285714285714286,4,1,1,0,3,4,1,1,3,3,2,3
561,0.7368421052631579,9.5,7.0,3,1,1,0,4,3,3,3,2,3,4,3
562,0.9357798165137615,7.785714285714286,7.285714285714286,4,1,1,0,5,5,2,2,2,3,3,2
563,0.9247311827956989,6.642857142857143,6.142857142857143,3,1,1,1,3,5,1,1,1,1,1,1
564,1.0,10.142857142857142,10.285714285714286,4,1,0,0,4,3,1,2,1,2,1,2
565,0.8655913978494623,6.642857142857143,5.75,5,1,1,0,4,4,1,1,1,1,2,2
566,1.0,6.678571428571429,7.535714285714286,3,1,0,0,4,4,1,3,1,4,3,3
567,0.9523809523809523,5.25,5.0,2,1,1,1,4,4,2,1,1,3,2,4
568,1.0,6.464285714285714,6.571428571428571,3,0,0,0,3,3,2,2,2,3,2,2
569,0.9549549549549549,7.928571428571429,7.571428571428571,4,1,1,0,3,4,2,2,1,2,1,3
571,1.0,6.142857142857143,6.428571428571429,3,0,0,0,4,4,3,2,1,4,4,3
572,0.9068825910931174,8.821428571428571,8.0,4,1,1,0,3,3,1,1,1,1,1,1
573,0.9714285714285714,7.5,7.285714285714286,4,0,0,0,3,4,4,4,4,4,4,3
574,0.96875,8.0,7.75,5,0,0,1,3,2,2,1,2,2,1,2
575,0.8680851063829788,8.392857142857142,7.285714285714286,3,1,1,0,4,4,2,1,3,3,2,1
576,0.9602272727272727,6.285714285714286,6.035714285714286,4,1,1,0,4,4,2,2,1,1,3,2
577,0.75,8.0,6.0,3,1,1,1,5,4,2,1,1,2,1,2
578,0.9315068493150686,7.821428571428571,7.285714285714286,4,1,1,0,4,4,2,3,3,3,1,2
579,0.793103448275862,8.285714285714286,6.571428571428571,3,1,1,0,5,3,1,2,2,2,1,2
580,1.0,8.0,8.285714285714286,5,0,0,0,4,4,1,1,1,1,1,1
581,0.9333333333333333,7.5,7.0,2,0,0,0,3,3,3,4,2,3,2,2
582,1.0,6.642857142857143,6.642857142857143,4,0,0,1,2,2,1,1,2,2,3,2
583,0.9553571428571429,8.0,7.642857142857143,4,1,0,0,3,2,2,2,1,2,1,2
584,0.9137931034482758,8.285714285714286,7.571428571428571,2,1,1,1,3,1,2,1,1,2,1,2
585,0.8770764119601329,10.75,9.428571428571429,4,1,1,0,4,4,1,1,1,2,1,1
586,0.8947368421052632,8.142857142857142,7.285714285714286,4,1,0,0,3,3,1,1,1,1,1,1
587,0.7441860465116278,6.142857142857143,4.571428571428571,3,0,0,0,3,3,2,2,2,2,2,2
588,1.0,8.0,8.0,3,0,0,0,5,2,2,2,2,4,2,5
589,0.35436893203883496,14.714285714285714,5.214285714285714,3,1,1,0,3,3,2,2,2,2,2,3
590,0.928,8.928571428571429,8.285714285714286,4,0,0,0,4,4,2,2,2,2,2,3
591,0.9473684210526316,8.142857142857142,7.714285714285714,4,0,0,0,4,4,2,3,2,3,3,2
593,1.0,7.714285714285714,8.0,4,1,1,0,2,5,1,1,1,3,3,1
594,0.9655172413793103,8.285714285714286,8.0,5,1,1,0,4,4,2,2,2,2,2,2
595,0.7950310559006211,5.75,4.571428571428571,2,0,0,0,3,3,3,3,3,3,1,2
596,0.7222222222222222,7.071428571428571,5.107142857142857,3,1,1,0,3,4,2,1,1,1,2,1
597,0.9189189189189189,7.928571428571429,7.285714285714286,4,1,1,0,3,3,2,2,2,2,1,1
598,0.6666666666666666,9.0,6.0,3,1,1,0,3,3,3,3,3,3,3,3
599,0.9094827586206895,8.285714285714286,7.535714285714286,3,1,1,0,5,5,2,3,4,2,1,2
600,0.8656716417910448,9.571428571428571,8.285714285714286,5,1,1,0,5,4,1,1,1,3,1,2
601,1.0,5.464285714285714,5.785714285714286,1,0,0,0,2,3,2,3,4,5,2,5
602,0.8235294117647058,8.5,7.0,4,1,1,0,4,5,1,2,4,1,1,1
603,0.7328767123287672,10.428571428571429,7.642857142857143,3,1,1,0,4,3,1,1,1,5,1,3
604,0.9523809523809523,10.5,10.0,2,1,1,1,5,5,2,3,2,2,3,3
605,1.0,7.607142857142857,9.428571428571429,5,1,1,0,3,3,3,3,3,3,3,4
606,0.9182389937106918,11.357142857142858,10.428571428571429,4,1,0,0,3,3,2,2,2,2,3,1
607,0.7184466019417476,7.357142857142857,5.285714285714286,3,1,0,0,4,4,4,3,3,3,3,2
609,0.8128342245989305,6.678571428571429,5.428571428571429,1,1,0,0,4,5,1,1,1,5,4,2
610,0.8936170212765957,6.714285714285714,6.0,5,1,1,0,4,4,1,1,2,2,2,2
611,0.875,8.0,7.0,4,1,1,0,2,4,1,1,1,1,2,2
612,1.0,8.0,8.0,5,0,0,0,4,4,2,2,1,2,1,2
613,0.8376068376068375,8.357142857142858,7.0,4,1,1,0,3,3,2,4,2,2,3,2
614,0.9473684210526315,9.5,9.0,5,1,1,0,4,4,2,2,3,2,1,2
615,0.8415094339622642,9.464285714285714,7.964285714285714,5,1,1,0,2,2,2,3,2,2,1,1
616,0.3333333333333333,12.0,4.0,3,1,1,0,4,4,2,2,2,3,2,4
617,0.909952606635071,7.535714285714286,6.857142857142857,4,1,1,0,4,4,2,2,2,3,2,1
618,0.8899521531100478,7.464285714285714,6.642857142857143,4,1,1,0,3,3,1,1,2,2,1,3
619,0.7978723404255318,6.714285714285714,5.357142857142857,3,1,0,0,4,4,3,3,3,3,3,3
620,0.8637873754152825,10.75,9.285714285714286,5,1,1,0,4,4,2,2,1,1,1,2
621,0.8999999999999999,6.428571428571429,5.785714285714286,3,1,0,0,3,4,1,1,1,2,1,2
623,1.0,7.285714285714286,7.285714285714286,4,1,0,0,3,3,1,1,2,3,2,1
624,0.8975609756097561,7.321428571428571,6.571428571428571,3,1,1,0,3,3,2,3,1,1,3,1
625,0.65625,9.142857142857142,6.0,3,1,1,1,4,4,1,4,2,3,3,3
626,1.0,8.25,8.285714285714286,4,1,1,0,4,4,2,2,2,3,2,2
627,1.0,7.857142857142857,8.0,3,1,1,1,5,5,2,2,1,2,1,4
628,1.0,6.142857142857143,6.285714285714286,3,0,1,1,3,3,1,1,1,1,3,1
629,1.0,5.607142857142857,7.392857142857143,5,1,1,0,4,4,1,3,2,3,1,1
630,0.9375,8.0,7.5,5,1,1,0,4,4,1,1,1,2,1,2
631,0.8618784530386739,6.464285714285714,5.571428571428571,4,0,0,0,3,3,2,3,3,2,2,1
632,0.7777777777777778,7.714285714285714,6.0,4,1,1,0,4,4,1,1,1,3,1,2
633,0.7927927927927928,7.928571428571429,6.285714285714286,3,1,0,0,3,3,2,2,3,2,5,2
634,0.8691588785046729,7.642857142857143,6.642857142857143,4,1,1,0,4,4,1,2,1,1,1,1
635,0.39944134078212284,12.785714285714286,5.107142857142857,3,1,1,0,3,7,3,3,3,3,3,3
636,0.9397590361445782,5.928571428571429,5.571428571428571,2,0,0,0,5,5,2,5,3,3,5,4
637,0.967032967032967,6.5,6.285714285714286,4,1,1,0,3,3,2,2,3,1,1,3
638,0.8846153846153846,7.428571428571429,6.571428571428571,4,1,0,0,4,4,2,2,2,2,1,2
640,0.9724770642201834,7.785714285714286,7.571428571428571,4,0,0,0,3,4,1,1,1,2,2,1
641,0.4276729559748428,17.035714285714285,7.285714285714286,4,1,1,0,3,3,1,1,1,1,1,4
642,1.0,7.285714285714286,7.285714285714286,4,0,0,0,4,4,1,1,1,1,1,1
643,0.8166666666666667,8.571428571428571,7.0,4,1,1,0,4,4,1,1,1,2,1,1
644,0.9550561797752809,6.357142857142857,6.071428571428571,3,0,0,0,3,2,2,2,2,2,2,2
645,0.8677685950413223,8.642857142857142,7.5,3,1,1,0,3,3,2,3,2,3,4,3
647,1.0,6.5,6.571428571428571,3,1,1,0,3,3,2,2,2,3,3,2
648,0.98,7.142857142857143,7.0,4,1,1,0,4,4,3,1,1,2,3,2
649,0.9375,8.0,7.5,5,1,1,0,3,4,3,2,1,1,1,2
650,0.934010152284264,7.035714285714286,6.571428571428571,4,1,0,0,4,4,1,1,1,2,1,2
651,0.9549549549549549,7.928571428571429,7.571428571428571,4,1,1,0,7,3,3,3,3,3,3,3
652,0.6758620689655173,10.357142857142858,7.0,4,1,1,0,3,3,3,3,4,4,2,3
653,0.8888888888888888,9.0,8.0,5,1,1,0,5,4,1,1,1,1,1,1
654,0.9313725490196079,7.285714285714286,6.785714285714286,3,1,1,0,3,3,1,3,2,2,2,2
655,0.9206349206349207,9.0,8.285714285714286,4,1,1,0,4,4,2,2,3,2,2,2
656,1.0,6.571428571428571,6.571428571428571,4,0,0,0,5,3,2,1,1,3,1,1
657,0.9198312236286921,8.464285714285714,7.785714285714286,4,1,1,0,4,4,2,3,4,2,2,4
658,0.7647058823529411,7.285714285714286,5.571428571428571,4,1,1,0,3,4,1,1,1,2,1,1
659,1.0,10.0,10.0,3,1,1,0,3,2,2,1,2,3,2,3
660,0.8697916666666667,6.857142857142857,5.964285714285714,3,1,0,1,4,4,1,1,1,1,1,2
661,0.8979591836734694,8.75,7.857142857142857,5,1,0,0,5,4,1,3,2,1,1,1
662,0.42105263157894735,9.5,4.0,2,1,1,0,5,3,1,1,1,1,1,5
663,1.0,8.25,8.25,4,1,1,0,3,3,1,1,1,2,2,2
664,0.7642857142857143,10.0,7.642857142857143,3,1,1,0,4,4,1,1,2,2,2,2
665,0.9568965517241379,8.285714285714286,7.928571428571429,4,1,0,0,4,4,2,2,1,2,3,2
666,0.7431192660550459,7.785714285714286,5.785714285714286,3,1,0,0,3,3,2,4,3,2,1,2
667,0.6666666666666666,7.5,5.0,5,1,1,0,2,4,1,1,1,1,1,1
668,0.875,8.0,7.0,4,1,1,0,3,4,1,1,1,2,1,2
669,0.8290155440414507,6.892857142857143,5.714285714285714,5,1,0,0,3,2,1,1,1,1,1,1
670,0.9830508474576272,8.428571428571429,8.285714285714286,4,1,1,0,2,2,1,2,1,1,2,2
671,0.9234234234234233,7.928571428571429,7.321428571428571,4,1,0,0,3,3,2,3,2,3,1,2
672,0.96875,8.0,7.75,5,1,1,0,3,3,1,1,1,3,1,3
673,0.875,8.0,7.0,3,1,1,0,4,4,1,2,1,1,2,2
674,0.9769585253456221,7.75,7.571428571428571,4,0,0,0,3,3,3,3,2,2,2,2
675,0.8541666666666666,10.285714285714286,8.785714285714286,3,1,1,0,3,3,1,1,1,1,1,2
676,0.8257575757575757,9.428571428571429,7.785714285714286,5,1,1,1,5,5,1,1,1,1,1,1
677,0.8615384615384615,9.285714285714286,8.0,4,1,1,0,4,4,2,2,1,2,2,2
678,0.9473684210526315,9.5,9.0,5,1,1,0,4,4,2,2,2,3,2,2
679,0.9,10.0,9.0,5,1,1,0,5,5,1,1,1,1,1,1
681,1.0,8.285714285714286,8.285714285714286,4,1,0,0,5,5,3,3,2,3,2,2
682,0.9433962264150945,7.571428571428571,7.142857142857143,3,0,0,0,4,3,4,4,1,3,1,2
683,0.625,8.0,5.0,4,1,1,0,4,7,1,1,1,1,2,2
684,0.9032258064516129,8.857142857142858,8.0,4,1,1,0,4,4,2,2,2,2,2,2
685,0.7012987012987013,11.0,7.714285714285714,3,1,1,0,3,3,3,3,3,3,3,3
686,0.9508196721311477,8.714285714285714,8.285714285714286,5,1,0,0,1,1,1,1,1,1,1,1
687,0.8372093023255814,9.214285714285714,7.714285714285714,5,1,1,1,4,5,3,4,4,4,4,2
688,0.625,8.0,5.0,3,1,1,0,5,4,1,1,2,2,3,1
689,1.0,8.142857142857142,8.142857142857142,4,1,1,0,5,5,1,2,1,2,2,3
690,1.0,8.285714285714286,8.285714285714286,5,1,1,0,4,4,2,2,2,3,2,1
691,1.0,6.357142857142857,6.464285714285714,3,1,1,0,3,4,4,2,1,1,1,3
692,0.9464285714285714,8.0,7.571428571428571,3,1,0,0,4,5,2,2,3,4,2,2
693,0.8,8.75,7.0,2,1,1,0,5,5,3,1,1,3,2,4
694,0.5945945945945946,10.571428571428571,6.285714285714286,3,1,1,0,4,3,2,4,2,2,1,3
695,0.9166666666666667,8.142857142857142,7.464285714285714,5,1,0,0,3,2,2,3,2,2,2,2
696,0.9624060150375939,9.5,9.142857142857142,4,1,1,0,4,4,1,1,1,1,1,2
697,0.96875,8.0,7.75,5,1,1,0,4,4,1,2,1,2,1,2
699,0.28991596638655465,8.5,2.4642857142857144,4,1,1,0,4,4,2,2,2,2,1,2
700,0.9473684210526315,9.5,9.0,4,1,1,0,3,1,1,1,1,1,1,1
701,0.9032258064516129,7.75,7.0,3,1,0,0,4,3,3,3,1,2,2,2
702,0.8492063492063493,9.0,7.642857142857143,4,1,0,0,4,4,1,2,2,2,3,1
703,0.8979591836734694,7.0,6.285714285714286,3,1,1,0,3,3,3,2,2,2,1,2
704,0.8571428571428571,9.5,8.142857142857142,5,1,1,0,5,4,1,1,1,3,1,2
705,0.6548672566371682,8.071428571428571,5.285714285714286,2,1,1,0,3,4,1,1,2,2,3,3
706,0.29816513761467894,15.571428571428571,4.642857142857143,2,1,0,0,3,3,2,2,2,2,3,2
707,0.9800995024875622,7.178571428571429,7.035714285714286,3,1,0,0,4,3,1,3,1,3,3,1
708,0.9349593495934958,8.785714285714286,8.214285714285714,4,0,0,0,2,2,1,1,2,3,3,2
710,0.6862745098039216,7.285714285714286,5.0,3,1,1,0,2,3,2,1,3,3,1,3
711,0.9803921568627452,7.285714285714286,7.142857142857143,4,1,1,0,7,4,2,2,2,2,2,2
712,0.9892473118279569,6.642857142857143,6.571428571428571,4,1,0,0,4,4,1,1,1,1,1,1
713,0.9687500000000001,6.857142857142857,6.642857142857143,4,1,1,0,4,4,1,1,1,3,1,2
714,1.0,7.321428571428571,7.642857142857143,5,1,1,0,3,4,2,2,1,1,1,1
716,0.9142857142857143,8.75,8.0,4,1,1,0,4,4,1,3,1,3,1,1
717,0.9292035398230089,8.071428571428571,7.5,4,1,0,0,3,3,2,2,3,2,2,2
718,0.875,6.857142857142857,6.0,2,0,0,0,2,3,3,1,3,2,1,2
720,0.7432950191570882,9.321428571428571,6.928571428571429,4,1,1,0,5,4,3,3,4,4,4,1
721,1.0,6.5,6.5,4,1,1,0,1,2,1,1,1,1,1,1
722,0.8,10.0,8.0,3,1,1,1,3,2,1,1,1,2,1,3
723,1.0,7.75,7.857142857142857,4,1,0,0,3,3,2,2,1,1,1,1
724,0.769811320754717,9.464285714285714,7.285714285714286,4,1,0,0,3,4,2,3,2,3,1,1
725,1.0,6.857142857142857,8.285714285714286,3,1,1,0,3,4,3,3,3,3,3,4
726,0.9595959595959596,7.071428571428571,6.785714285714286,4,1,0,0,4,4,2,2,2,2,1,3
728,0.5748502994011976,11.928571428571429,6.857142857142857,4,1,0,0,2,2,3,4,4,4,2,1
729,0.975,7.142857142857143,6.964285714285714,3,1,0,0,3,3,1,1,1,1,1,2
730,0.9572649572649572,8.357142857142858,8.0,4,1,1,0,4,4,3,1,2,2,2,2
731,0.7733333333333333,8.035714285714286,6.214285714285714,2,1,1,0,3,2,1,1,1,3,1,3
732,0.8973384030418252,9.392857142857142,8.428571428571429,4,1,1,0,4,4,2,2,2,2,2,2
733,0.875,8.0,7.0,3,1,1,0,3,4,1,1,1,1,1,2
734,0.7966101694915254,8.428571428571429,6.714285714285714,3,1,1,0,4,4,1,3,2,2,3,2
735,0.9107142857142857,8.0,7.285714285714286,5,1,1,0,5,5,1,1,1,1,1,1
736,0.9322033898305084,8.428571428571429,7.857142857142857,2,0,0,0,4,4,1,1,1,1,1,2
737,0.9708737864077671,7.357142857142857,7.142857142857143,3,1,1,0,3,2,2,4,5,4,2,2
738,0.934010152284264,7.035714285714286,6.571428571428571,4,1,1,1,3,3,1,1,1,1,1,2
739,0.8548387096774193,8.857142857142858,7.571428571428571,3,1,1,0,4,4,1,1,1,1,1,1
740,0.7846153846153845,9.285714285714286,7.285714285714286,2,0,1,0,5,3,2,2,2,3,5,3
741,1.0,7.0,7.0,3,1,1,0,2,2,1,1,1,1,1,2
742,0.7676767676767677,7.071428571428571,5.428571428571429,2,1,0,0,3,3,1,1,1,3,2,4
743,1.0,6.428571428571429,6.571428571428571,5,1,1,0,4,4,1,1,1,2,1,1
744,1.0,5.928571428571429,6.285714285714286,4,1,0,0,3,3,1,1,1,1,1,2
745,0.9066666666666665,8.035714285714286,7.285714285714286,4,1,1,0,2,2,2,2,2,1,1,1
746,1.0,5.142857142857143,5.142857142857143,2,0,0,1,2,2,2,2,2,3,2,5
747,0.7014218009478673,7.535714285714286,5.285714285714286,5,1,0,0,5,5,3,3,3,3,2,1
748,1.0,6.142857142857143,6.5,4,0,0,0,4,3,2,1,1,1,1,1
749,0.9514563106796117,7.357142857142857,7.0,3,1,1,0,3,3,2,2,2,2,2,2
750,0.780952380952381,7.5,5.857142857142857,3,1,1,1,2,2,1,1,1,1,1,5
751,0.6027397260273972,10.428571428571429,6.285714285714286,3,1,1,1,3,3,2,2,2,3,2,3
752,0.6717557251908396,9.357142857142858,6.285714285714286,4,1,1,0,4,4,2,2,2,2,2,2
753,0.9444444444444444,7.714285714285714,7.285714285714286,4,0,1,0,3,4,2,4,4,4,1,2
754,0.6565656565656567,7.071428571428571,4.642857142857143,3,1,1,1,3,4,3,2,2,3,4,4
755,0.625,8.0,5.0,1,0,0,0,4,4,1,1,1,4,1,5
756,0.8556701030927835,6.928571428571429,5.928571428571429,2,0,0,0,3,3,1,1,1,1,1,1
757,0.9586776859504134,8.642857142857142,8.285714285714286,3,0,0,0,4,4,2,1,2,2,2,1
758,0.9484536082474226,6.928571428571429,6.571428571428571,5,0,0,0,3,5,1,1,1,1,1,1
759,1.0,6.428571428571429,6.571428571428571,5,1,1,1,2,2,3,2,1,3,1,1
760,0.6641509433962265,9.464285714285714,6.285714285714286,3,1,1,0,4,4,2,1,1,2,1,4
761,0.6666666666666666,9.0,6.0,4,1,1,0,3,3,1,1,1,1,1,1
762,0.37837837837837834,15.857142857142858,6.0,3,1,1,0,5,4,1,2,1,1,1,1
763,0.9731182795698924,6.642857142857143,6.464285714285714,4,0,0,0,2,2,2,1,1,2,1,2
765,1.0,6.535714285714286,6.714285714285714,4,0,0,0,3,2,1,1,1,3,2,1
766,0.9387755102040816,7.0,6.571428571428571,2,0,0,1,3,1,2,2,2,2,2,3
767,0.8099173553719009,8.642857142857142,7.0,4,1,1,0,4,4,2,3,2,2,1,2
768,0.8544600938967136,7.607142857142857,6.5,2,0,1,0,3,4,3,3,3,3,3,3
769,0.9857142857142858,7.5,7.392857142857143,4,0,0,0,4,3,1,4,1,3,4,3
770,0.8571428571428571,7.0,6.0,3,1,1,1,4,3,1,1,1,2,1,2
771,0.8731707317073172,7.321428571428571,6.392857142857143,4,1,1,0,4,3,1,1,1,3,1,2
772,0.9899999999999999,7.142857142857143,7.071428571428571,5,1,1,0,3,3,1,4,2,2,2,1
773,1.0,6.857142857142857,7.0,5,1,1,0,5,5,1,1,1,1,1,1
774,0.9603524229074889,8.107142857142858,7.785714285714286,3,1,1,0,4,5,3,2,2,3,1,2
775,0.9622641509433962,3.7857142857142856,3.642857142857143,3,0,0,0,2,2,1,1,1,1,3,1
776,1.0,9.5,9.714285714285714,3,1,0,0,3,2,3,2,1,3,1,3
777,0.8082901554404144,6.892857142857143,5.571428571428571,3,1,0,0,3,3,2,3,3,3,5,4
778,0.875,8.0,7.0,3,1,1,0,3,3,2,2,2,3,2,2
779,0.6346153846153846,7.428571428571429,4.714285714285714,3,1,0,0,3,3,1,1,1,1,1,2
780,0.7446808510638298,6.714285714285714,5.0,4,0,0,0,3,2,1,2,2,2,3,2
781,0.9867841409691629,8.107142857142858,8.0,5,1,1,0,4,3,3,3,2,2,1,2
782,0.8888888888888888,9.0,8.0,3,1,1,1,3,2,2,2,2,2,2,4
783,0.9263157894736842,6.785714285714286,6.285714285714286,3,1,1,0,3,3,3,1,1,2,2,1
784,0.695364238410596,10.785714285714286,7.5,4,1,1,0,4,3,2,1,2,2,2,3
785,1.0,8.0,8.0,5,0,0,0,1,1,1,1,1,1,1,1
786,0.96875,8.0,7.75,5,1,1,0,4,2,1,1,1,1,1,1
787,1.0,5.821428571428571,6.0,4,1,1,0,4,3,1,1,1,1,1,1
788,0.9532710280373831,7.642857142857143,7.285714285714286,3,1,0,0,4,4,1,1,1,3,1,2
789,1.0,10.0,10.0,4,1,1,0,4,4,2,1,2,2,1,2
790,0.6901960784313725,9.107142857142858,6.285714285714286,3,1,1,0,5,5,1,1,1,3,1,3
791,0.7753303964757708,8.107142857142858,6.285714285714286,3,0,1,0,3,3,1,1,1,2,3,2
792,0.8627450980392157,7.285714285714286,6.285714285714286,4,1,1,0,3,4,1,1,1,3,2,3
793,0.8761904761904762,7.5,6.571428571428571,3,1,0,0,3,4,3,3,3,3,4,3
794,0.9477611940298507,9.571428571428571,9.071428571428571,4,1,1,0,3,4,2,2,2,2,2,1
795,0.631578947368421,9.5,6.0,3,1,1,0,4,4,2,1,1,2,2,2
797,0.7241379310344827,8.285714285714286,6.0,3,0,0,0,4,3,2,2,2,2,2,4
798,0.6883720930232557,7.678571428571429,5.285714285714286,2,1,0,0,3,3,1,4,1,3,4,2
800,0.8512396694214877,8.642857142857142,7.357142857142857,4,1,1,0,3,4,1,2,1,1,1,2
801,0.8727272727272727,7.857142857142857,6.857142857142857,4,1,1,0,3,4,2,3,3,3,3,3
802,0.9207547169811321,9.464285714285714,8.714285714285714,3,1,1,0,4,4,2,2,3,4,4,3
803,0.9019607843137255,7.285714285714286,6.571428571428571,3,1,0,0,3,3,1,1,1,3,2,1
804,0.9607843137254902,7.285714285714286,7.0,4,1,1,0,3,3,1,1,1,1,1,1
805,0.8771929824561404,8.142857142857142,7.142857142857143,3,1,1,0,3,4,3,2,2,3,2,3
806,0.848,8.928571428571429,7.571428571428571,3,1,1,1,2,3,2,2,2,2,2,4
807,0.9387755102040816,7.0,6.571428571428571,4,1,0,0,3,3,1,1,1,3,1,1
808,0.8852459016393444,8.714285714285714,7.714285714285714,4,1,1,0,4,4,2,2,2,2,2,2
809,0.9444444444444444,7.714285714285714,7.285714285714286,3,1,1,0,4,4,1,1,1,1,1,1
810,0.9506726457399103,7.964285714285714,7.571428571428571,5,0,0,0,3,4,1,1,1,1,1,1
811,1.0,7.0,7.142857142857143,3,1,1,0,3,3,1,2,3,4,5,3
812,0.345821325648415,12.392857142857142,4.285714285714286,3,1,0,0,1,1,2,2,2,2,1,1
813,0.8793103448275861,8.285714285714286,7.285714285714286,4,1,1,0,4,4,2,2,2,2,2,2
814,0.8596491228070176,8.142857142857142,7.0,4,0,1,1,3,4,2,1,2,1,1,2
815,0.9655172413793103,8.285714285714286,8.0,5,1,1,0,4,4,1,1,1,1,1,2
816,0.8205128205128205,9.75,8.0,4,1,1,0,5,5,1,1,1,1,1,2
817,0.8380952380952381,7.5,6.285714285714286,3,0,0,1,4,2,2,1,1,2,1,1
818,1.0,7.0,7.0,3,0,0,0,3,1,1,1,1,1,1,1
819,1.0,8.0,8.0,5,1,1,0,5,4,2,1,1,2,1,1
820,0.8655462184873949,8.5,7.357142857142857,2,1,1,0,2,3,2,2,2,2,1,1
821,0.9666666666666668,8.571428571428571,8.285714285714286,5,1,1,0,5,4,1,1,1,1,1,1
822,0.5714285714285714,10.0,5.714285714285714,3,1,1,0,3,2,2,2,4,3,3,4
823,0.7272727272727273,8.642857142857142,6.285714285714286,4,0,0,0,3,2,1,1,3,2,4,3
824,0.8125,6.857142857142857,5.571428571428571,4,1,1,0,4,4,1,1,1,2,1,2
825,0.9692307692307691,9.285714285714286,9.0,5,1,1,0,4,3,2,2,2,2,2,1
826,0.5275590551181102,18.142857142857142,9.571428571428571,3,1,0,0,4,4,1,1,1,1,1,4
827,0.75,8.0,6.0,3,1,1,0,3,3,2,2,2,2,3,2
828,0.8809523809523809,6.0,5.285714285714286,4,1,1,0,3,4,1,1,1,3,2,2
829,0.9943502824858758,6.321428571428571,6.285714285714286,4,0,0,0,4,3,2,2,2,2,1,1
830,0.8888888888888888,9.0,8.0,5,1,1,0,4,4,1,1,1,1,1,2
831,0.822695035460993,10.071428571428571,8.285714285714286,5,1,1,0,4,4,1,1,1,1,1,1
832,0.9217391304347826,8.214285714285714,7.571428571428571,3,0,0,0,3,4,3,3,3,3,2,2
833,0.9245283018867925,7.571428571428571,7.0,3,1,1,0,3,3,1,1,1,2,2,1
835,1.0,8.285714285714286,8.285714285714286,5,1,1,0,2,3,2,1,1,1,1,2
836,0.9444444444444444,9.0,8.5,3,1,1,0,3,4,2,2,3,3,4,3
837,0.9117647058823529,8.5,7.75,5,1,1,0,4,4,2,2,2,2,2,2
838,0.9435483870967742,8.857142857142858,8.357142857142858,5,1,1,0,4,4,1,2,1,1,2,2
839,0.42105263157894735,9.5,4.0,2,1,1,0,3,2,1,1,1,1,1,5
840,0.9375,8.0,7.5,4,1,1,0,3,3,1,2,1,2,2,2
841,0.8,8.214285714285714,6.571428571428571,2,1,1,0,3,5,1,2,1,2,1,3
842,0.8666666666666667,7.5,6.5,3,1,1,0,4,4,2,1,1,1,2,2
843,0.9444444444444444,7.714285714285714,7.285714285714286,3,1,0,0,3,3,2,2,3,2,2,1
844,0.8333333333333334,9.0,7.5,3,1,1,0,3,4,3,4,3,3,1,2
845,0.7736842105263158,6.785714285714286,5.25,3,1,1,0,3,3,2,1,1,2,3,3
846,0.9532710280373831,7.642857142857143,7.285714285714286,3,1,1,0,3,5,1,3,3,4,1,2
847,1.0,3.642857142857143,4.0,1,0,0,0,3,2,1,1,1,1,1,1
848,0.6216216216216216,10.571428571428571,6.571428571428571,3,1,1,0,2,3,2,2,2,2,4,3
849,0.38095238095238093,18.0,6.857142857142857,3,1,1,0,2,2,3,2,3,3,3,3
850,0.7586206896551724,8.285714285714286,6.285714285714286,3,1,1,0,2,2,1,3,1,3,1,2
851,1.0,6.0,6.0,3,0,0,1,3,4,1,1,1,1,1,3
852,0.8235294117647058,8.5,7.0,3,1,1,0,3,3,1,4,2,2,5,4
853,0.6190476190476191,9.0,5.571428571428571,3,1,1,0,3,4,1,1,1,1,1,2
854,0.9072164948453608,6.928571428571429,6.285714285714286,4,1,1,0,1,1,1,1,1,2,1,2
855,0.9339207048458149,8.107142857142858,7.571428571428571,3,0,0,0,3,3,1,1,1,3,3,2
856,0.9642857142857143,7.0,6.75,5,1,1,0,4,2,1,1,1,2,3,2
857,0.7850467289719626,7.642857142857143,6.0,1,0,0,0,1,1,1,2,1,5,5,3
858,1.0,7.285714285714286,7.285714285714286,5,1,1,0,4,4,2,2,2,2,2,2
859,0.9814814814814814,7.714285714285714,7.571428571428571,3,1,1,0,4,4,2,2,2,3,1,3
860,0.6883116883116883,8.25,5.678571428571429,2,1,1,0,4,3,1,2,1,2,3,3
861,0.9549549549549549,7.928571428571429,7.571428571428571,4,1,1,0,4,4,1,1,1,1,2,1
862,0.9333333333333333,6.428571428571429,6.0,3,1,1,0,5,4,1,2,1,1,1,2
863,0.883495145631068,7.357142857142857,6.5,3,1,1,0,2,3,3,2,1,2,1,2
864,0.7090909090909091,7.857142857142857,5.571428571428571,3,1,1,0,3,4,1,3,3,3,3,2
865,0.9473684210526315,9.5,9.0,2,1,1,0,4,5,1,1,1,1,1,2
866,0.9236641221374045,9.357142857142858,8.642857142857142,4,1,0,0,4,4,2,2,2,2,2,2
867,0.6306306306306306,7.928571428571429,5.0,2,1,1,0,5,4,2,2,2,2,2,1
868,0.9854368932038835,7.357142857142857,7.25,5,1,1,0,3,4,2,2,2,3,2,2
869,0.7799999999999999,7.142857142857143,5.571428571428571,3,1,0,0,2,2,2,2,2,2,2,1
870,0.75,8.0,6.0,4,1,1,0,4,4,3,3,1,2,1,3
871,0.9019607843137255,7.285714285714286,6.571428571428571,4,1,1,0,3,3,2,2,1,3,1,1
872,0.9549549549549549,7.928571428571429,7.571428571428571,4,1,1,0,4,4,1,4,1,2,1,2
873,1.0,7.392857142857143,7.857142857142857,4,1,1,0,3,4,2,2,3,3,3,2
874,0.8793103448275861,8.285714285714286,7.285714285714286,3,0,0,0,3,1,1,1,1,3,2,1
875,0.96,8.928571428571429,8.571428571428571,4,1,1,0,3,4,2,2,2,3,1,1
876,0.8578680203045685,7.035714285714286,6.035714285714286,3,1,1,0,3,3,5,5,5,5,5,3
877,0.7215686274509803,9.107142857142858,6.571428571428571,3,1,0,0,4,4,1,2,3,3,2,2
878,0.9484536082474226,6.928571428571429,6.571428571428571,3,1,0,1,3,7,2,3,2,3,2,3
879,0.9411764705882353,8.5,8.0,5,0,0,0,4,3,2,2,2,3,3,2
880,0.847926267281106,7.75,6.571428571428571,5,1,0,0,4,3,1,1,1,1,3,2
881,0.7301587301587301,9.0,6.571428571428571,2,1,1,0,3,2,5,5,5,5,5,2
882,0.8969072164948454,6.928571428571429,6.214285714285714,2,0,0,0,4,2,1,2,1,3,1,3
883,0.8644067796610169,8.428571428571429,7.285714285714286,4,1,1,0,3,4,1,2,1,2,2,2
884,1.0,7.0,7.0,4,0,0,0,2,2,2,2,2,2,1,2
885,0.8888888888888888,9.0,8.0,3,1,1,0,4,2,2,1,1,2,2,2
887,0.9514563106796117,7.357142857142857,7.0,2,1,0,0,4,4,2,2,1,1,1,2
888,0.6245353159851301,9.607142857142858,6.0,3,1,0,0,3,3,1,1,1,3,4,3
889,1.0,10.285714285714286,10.285714285714286,4,0,0,0,5,3,3,3,3,4,1,2
890,0.8333333333333334,6.0,5.0,3,1,1,0,3,3,2,3,2,2,3,4
891,1.0,8.5,8.5,5,1,1,1,5,4,2,2,2,1,2,1
892,0.9025641025641026,6.964285714285714,6.285714285714286,5,1,1,0,4,5,2,2,2,3,2,2
893,1.0,8.5,9.285714285714286,4,1,1,0,4,3,3,4,4,5,2,4
894,0.9541284403669725,7.785714285714286,7.428571428571429,5,1,1,0,5,5,1,3,1,1,1,1
895,0.9035087719298246,8.142857142857142,7.357142857142857,4,1,0,0,4,4,1,1,1,1,1,2
896,0.9411764705882352,9.107142857142858,8.571428571428571,5,1,1,0,5,5,2,1,1,1,1,1
898,1.0,8.0,8.0,4,1,1,0,5,5,1,2,1,2,1,1
899,0.9072164948453608,6.928571428571429,6.285714285714286,4,1,0,0,3,3,1,2,1,1,3,3
900,0.8301886792452831,7.571428571428571,6.285714285714286,3,0,0,0,3,2,1,4,1,3,3,1
901,0.8743961352657005,7.392857142857143,6.464285714285714,3,1,1,0,2,3,1,3,1,3,1,2
902,0.7058823529411765,8.5,6.0,3,1,1,0,3,3,1,1,1,2,3,3
903,0.8387096774193549,8.857142857142858,7.428571428571429,4,1,0,0,3,3,2,4,2,2,5,3
904,0.5882352941176471,8.5,5.0,1,0,0,0,4,4,3,5,2,3,2,4
905,0.9560975609756098,7.321428571428571,7.0,3,1,1,0,4,4,2,2,2,2,2,2
906,0.8717948717948717,8.357142857142858,7.285714285714286,3,1,1,0,3,2,1,2,1,1,3,3
907,1.0,8.214285714285714,8.285714285714286,4,1,1,0,3,3,1,1,1,2,1,1
908,0.9074074074074074,7.714285714285714,7.0,4,1,1,0,3,4,1,1,1,3,2,2
909,0.9116279069767441,7.678571428571429,7.0,4,1,1,0,3,2,1,1,1,3,3,1
910,0.7963800904977375,7.892857142857143,6.285714285714286,4,1,1,0,3,3,2,2,3,3,1,2
911,1.0,9.0,9.0,4,1,1,0,3,3,1,1,1,2,1,1
912,0.8141592920353983,8.071428571428571,6.571428571428571,4,1,0,0,3,3,2,1,1,2,1,2
913,0.9,10.0,9.0,3,1,1,0,4,4,1,2,1,2,2,3
914,0.8333333333333334,6.0,5.0,3,0,0,0,2,2,1,1,1,3,1,2
915,0.9411764705882353,8.5,8.0,4,0,0,0,2,2,5,2,3,3,1,1
916,0.8396946564885496,9.357142857142858,7.857142857142857,5,1,1,0,4,4,2,2,1,1,1,1
917,0.9805825242718448,7.357142857142857,7.214285714285714,3,0,0,0,4,2,3,4,4,4,5,1
918,0.9411764705882353,8.5,8.0,3,1,1,0,4,4,3,4,3,4,3,2
919,0.8648648648648649,9.25,8.0,4,1,1,0,4,3,2,2,2,2,1,2
920,0.85,8.571428571428571,7.285714285714286,3,1,1,0,3,4,2,2,1,2,1,1
921,0.7352941176470589,9.714285714285714,7.142857142857143,5,1,1,0,3,3,5,5,5,5,5,3
922,0.7169811320754718,7.571428571428571,5.428571428571429,2,1,1,0,3,2,3,3,3,3,3,3
923,0.4429530201342282,10.642857142857142,4.714285714285714,3,1,1,0,3,4,4,1,2,2,3,2
924,0.8636363636363636,6.285714285714286,5.428571428571429,5,1,0,0,3,3,2,1,2,1,1,1
925,0.875,9.142857142857142,8.0,5,1,1,0,5,4,1,1,2,2,1,2
926,0.9579831932773109,8.5,8.142857142857142,4,1,1,0,3,3,1,2,2,2,3,3
928,0.9705882352941176,8.5,8.25,5,1,1,0,3,2,1,1,1,2,1,1
929,0.8,7.5,6.0,2,1,1,0,3,3,1,1,1,3,2,1
930,0.5555555555555556,7.714285714285714,4.285714285714286,2,1,0,0,4,4,1,1,1,1,1,3
931,0.6216216216216216,5.285714285714286,3.2857142857142856,1,0,0,0,3,4,1,4,1,1,1,4
932,0.9488372093023255,7.678571428571429,7.285714285714286,4,1,1,0,4,3,1,1,2,1,1,1
933,0.8682926829268293,7.321428571428571,6.357142857142857,3,1,1,1,3,3,2,3,1,2,1,4
934,0.8032786885245903,8.714285714285714,7.0,4,1,1,0,4,4,2,2,2,2,1,2
935,0.9821428571428571,8.0,7.857142857142857,3,1,1,0,1,1,3,3,3,3,3,3
936,1.0,7.928571428571429,8.0,5,1,1,0,4,3,1,1,1,1,1,2
937,0.9560975609756098,7.321428571428571,7.0,2,1,1,0,3,4,2,1,1,3,2,2
938,0.875,8.0,7.0,4,1,1,0,3,2,2,3,1,2,1,3
939,1.0,3.1785714285714284,8.178571428571429,5,1,1,0,1,1,1,1,1,2,2,2
940,0.9158878504672897,7.642857142857143,7.0,4,1,1,0,3,4,3,2,2,2,1,1
941,0.9032258064516129,7.75,7.0,4,1,1,0,4,4,1,1,1,2,1,1
942,0.9590163934426231,8.714285714285714,8.357142857142858,4,1,0,0,2,4,2,2,1,3,2,2
943,0.8666666666666667,7.5,6.5,3,0,0,1,4,3,1,1,4,1,1,5
944,1.0,7.0,7.0,4,0,0,1,2,2,1,2,3,3,1,3
945,1.0,7.642857142857143,7.642857142857143,4,1,1,1,4,4,2,2,2,3,2,3
946,0.9487179487179487,8.357142857142858,7.928571428571429,3,1,1,0,4,3,4,2,2,3,2,2
947,0.875,8.0,7.0,5,1,1,0,5,5,1,1,1,1,1,2
948,0.9411764705882353,8.5,8.0,5,1,1,0,4,4,1,1,1,3,1,1
949,0.8923076923076924,9.285714285714286,8.285714285714286,4,1,1,0,4,4,1,1,1,1,1,1
950,0.708133971291866,7.464285714285714,5.285714285714286,2,1,1,0,3,2,3,3,1,3,1,2
951,1.0,6.642857142857143,7.642857142857143,4,1,1,0,4,5,1,1,1,2,1,3
952,0.875,8.0,7.0,3,0,0,0,4,3,2,3,1,2,3,2
953,1.0,8.0,8.0,4,1,1,0,4,3,1,1,1,3,1,3
954,0.6739130434782609,11.5,7.75,4,1,1,1,3,4,1,1,1,2,1,1
955,0.8376068376068375,8.357142857142858,7.0,3,1,1,1,3,4,2,4,2,3,1,3
956,0.972972972972973,5.285714285714286,5.142857142857143,5,0,1,0,3,3,2,2,1,2,2,2
957,0.8680851063829788,8.392857142857142,7.285714285714286,3,1,1,0,4,4,4,4,3,5,4,3
958,0.8376068376068375,8.357142857142858,7.0,3,1,1,0,3,3,1,2,1,4,2,2
959,0.8340425531914895,8.392857142857142,7.0,2,1,1,0,4,4,1,1,1,3,1,3
960,0.7843137254901961,7.285714285714286,5.714285714285714,2,1,0,0,2,5,1,3,3,4,1,1
961,1.0,5.928571428571429,6.285714285714286,3,1,0,0,4,3,3,2,3,3,3,2
962,0.8275862068965517,7.25,6.0,1,1,1,1,3,4,2,3,2,4,5,4
963,0.6666666666666666,7.928571428571429,5.285714285714286,3,1,1,0,3,3,2,3,2,4,5,4
964,0.7857142857142857,6.5,5.107142857142857,3,0,0,1,3,3,1,1,1,1,3,5
966,0.8735632183908045,9.321428571428571,8.142857142857142,4,1,1,0,4,2,2,1,2,2,1,2
967,0.8333333333333334,7.071428571428571,5.892857142857143,4,1,1,0,3,4,3,2,2,3,2,2
968,0.6607142857142857,8.0,5.285714285714286,4,1,1,0,4,5,1,1,1,1,2,2
969,0.896551724137931,7.25,6.5,4,1,1,0,4,4,2,2,4,2,1,2
970,0.875,8.0,7.0,3,1,1,0,4,4,1,1,1,1,1,1
971,0.5499999999999999,11.428571428571429,6.285714285714286,4,1,1,0,4,4,1,1,1,1,1,1
972,1.0,8.0,8.0,3,1,1,0,4,4,2,2,2,3,3,3
973,0.875,9.142857142857142,8.0,3,1,1,1,4,4,2,2,2,3,2,2
974,0.9537037037037036,7.714285714285714,7.357142857142857,4,1,1,0,4,4,1,1,1,2,2,2
975,0.984771573604061,7.035714285714286,6.928571428571429,3,1,1,0,3,4,1,2,1,2,1,2
976,1.0,7.571428571428571,7.571428571428571,5,0,0,0,4,4,2,2,2,2,2,2
977,0.6509009009009009,15.857142857142858,10.321428571428571,4,1,1,0,4,4,2,2,3,2,2,2
978,0.8421052631578947,9.5,8.0,3,1,1,1,3,3,2,2,3,3,2,4
979,0.4728434504792332,11.178571428571429,5.285714285714286,2,1,1,0,3,4,1,2,2,2,2,3
980,0.8275862068965516,8.285714285714286,6.857142857142857,3,1,1,0,3,3,2,2,1,3,1,3
981,0.9537037037037036,7.714285714285714,7.357142857142857,4,1,0,0,4,3,3,2,2,3,2,2
982,0.9531914893617022,8.392857142857142,8.0,5,1,1,0,5,5,1,1,1,3,3,2
983,0.8898678414096916,8.107142857142858,7.214285714285714,3,0,0,0,2,3,3,2,2,2,3,2
984,0.8076923076923077,7.428571428571429,6.0,4,1,0,0,2,2,1,1,1,1,1,3
985,0.7154471544715446,8.785714285714286,6.285714285714286,3,1,1,0,2,3,2,2,1,2,1,4
987,0.9356725146198831,6.107142857142857,5.714285714285714,2,1,1,0,3,4,1,2,1,3,1,2
988,1.0,7.785714285714286,7.857142857142857,3,0,1,0,2,2,1,3,4,1,1,2
989,0.9495798319327731,8.5,8.071428571428571,5,1,1,0,5,2,1,1,1,1,1,1
990,1.0,7.428571428571429,7.642857142857143,4,1,1,0,5,5,2,2,2,2,2,1
991,0.5683760683760684,8.357142857142858,4.75,1,1,1,0,3,4,2,2,2,3,2,5
992,0.9583333333333334,6.0,5.75,4,0,0,0,4,4,1,1,1,1,2,2
993,0.9292929292929293,7.071428571428571,6.571428571428571,2,1,1,0,3,4,1,1,1,1,4,3
994,0.8921568627450981,7.285714285714286,6.5,4,0,0,0,2,2,2,1,1,1,1,1
995,0.9912280701754387,8.142857142857142,8.071428571428571,3,1,1,0,4,5,2,3,2,2,3,2
996,1.0,7.0,7.0,5,1,1,0,4,5,1,1,1,1,1,1
997,0.8421052631578947,9.5,8.0,4,0,0,0,1,1,1,1,1,1,1,4
998,1.0,8.714285714285714,8.714285714285714,3,1,1,0,5,5,2,2,2,4,4,1
999,0.9316239316239315,8.357142857142858,7.785714285714286,4,1,1,0,4,4,5,5,4,3,4,2
1000,0.9612403100775195,9.214285714285714,8.857142857142858,5,1,1,0,4,4,3,3,1,1,1,1
1001,0.9151785714285714,8.0,7.321428571428571,4,1,1,0,5,4,1,2,1,1,3,2
1002,0.9906542056074765,7.642857142857143,7.571428571428571,5,0,0,0,4,3,1,1,1,1,1,1
1003,0.7283950617283951,11.571428571428571,8.428571428571429,4,1,1,0,3,3,3,3,2,2,2,3
1004,0.555205047318612,11.321428571428571,6.285714285714286,3,0,1,0,4,5,1,5,5,5,1,3
1005,0.9568965517241379,8.285714285714286,7.928571428571429,4,1,0,0,3,3,2,2,3,2,1,2
1006,0.9613733905579399,8.321428571428571,8.0,3,1,1,1,3,3,3,3,2,3,3,3
1007,0.8888888888888888,9.0,8.0,2,1,1,1,3,5,1,1,1,1,1,4
1008,0.7440944881889764,9.071428571428571,6.75,2,1,1,0,4,4,2,3,2,1,2,3
1009,0.8660714285714286,8.0,6.928571428571429,3,1,1,0,4,4,1,1,1,2,1,2
1010,0.8772727272727273,7.857142857142857,6.892857142857143,3,1,0,0,3,2,2,1,1,2,2,3
1011,0.9953051643192489,7.607142857142857,7.571428571428571,4,0,0,0,4,4,2,2,3,3,1,1
1012,0.7647058823529411,7.285714285714286,5.571428571428571,3,1,1,0,4,3,3,1,2,2,3,2
1013,0.8298755186721992,8.607142857142858,7.142857142857143,2,0,0,0,3,2,2,2,2,2,4,3
1014,0.9391304347826088,8.214285714285714,7.714285714285714,3,1,0,0,4,4,2,2,3,2,1,2
1015,0.9760765550239234,7.464285714285714,7.285714285714286,3,1,1,0,3,4,3,3,3,3,3,3
1016,0.9708737864077671,7.357142857142857,7.142857142857143,5,1,1,1,3,4,3,2,2,3,2,2
1017,0.9705882352941176,8.5,8.25,4,0,0,0,5,4,1,2,1,1,1,2
1018,0.5441176470588236,9.714285714285714,5.285714285714286,5,1,1,0,5,5,1,1,1,1,1,2
1019,0.9137055837563453,7.035714285714286,6.428571428571429,4,1,0,0,3,4,1,1,2,2,2,2
1020,0.9397590361445785,8.892857142857142,8.357142857142858,4,1,0,0,3,4,2,2,2,2,1,1
1021,1.0,7.285714285714286,7.285714285714286,3,1,0,0,3,3,2,2,2,2,2,3
1022,0.9523809523809523,5.25,5.0,2,0,0,1,2,3,3,2,3,4,4,5
1023,0.8627450980392157,7.285714285714286,6.285714285714286,2,1,1,0,4,4,1,2,1,1,1,2
1024,0.7837837837837839,10.571428571428571,8.285714285714286,4,1,1,0,4,4,3,3,2,2,3,1
1025,1.0,8.357142857142858,9.0,4,0,0,0,2,2,2,1,1,2,2,1
1026,0.848605577689243,8.964285714285714,7.607142857142857,4,0,0,0,5,4,1,1,1,2,1,2
1027,1.0,6.892857142857143,8.571428571428571,3,1,1,0,4,4,2,3,3,3,5,1
1028,0.823076923076923,9.285714285714286,7.642857142857143,3,0,0,0,5,4,3,4,1,2,2,1
